"","ID1","ID2","period","partycount_d","coal_count_bi","SRI_bi_z","index_5m_bi_z","gmdur_index_z","gm_yn_bi","ranksumbi_z","immdyad","kinship","total_AB_party"
"1","FEM_1","FEM_2","A",3983,1,0.452369663865966,-0.268772899528297,-0.0899532895319715,"Y",-0.901144268408899,"0","0",249
"2","FEM_2","FEM_1","B",2628,0,0.313106334595125,-0.430270216487057,-0.244844131845214,"N",-1.09552609049674,"0","0",282
"3","FEM_2","FEM_1","C",4688,0,0.701456455937559,-0.325435339807405,-0.244844131845214,"N",-1.29713232409075,"0","0",575
"4","FEM_2","FEM_1","D",520,0,-0.301680433387021,0.388354785778306,-0.244844131845214,"N",-1.25238928543507,"0","0",194
"5","FEM_3","FEM_2","A",2849,0,0.679689654911485,0.63847761048992,-0.244844131845214,"N",0.298710075907226,"0","0",82
"6","FEM_2","FEM_24","B",207,0,-1.04096090870367,-0.978983322645183,-0.244844131845214,"N",NA,"1","0",0
"7","FEM_2","FEM_24","C",32,0,-1.46874582155125,-0.978983322645183,-0.244844131845214,"N",NA,"1","0",0
"8","FEM_4","FEM_2","D",4594,1,0.631302375890753,-0.436891511267478,0.228058289985817,"Y",-0.439575971281756,"1","0",734
"9","FEM_2","FEM_4","E",3002,0,-0.0579978601697631,0.77000740065695,0.941858013877782,"Y",-0.164028531920161,"1","0",455
"10","FEM_5","FEM_2","D",2365,0,0.746734320899328,-0.812150874196028,-0.244844131845214,"N",0.240280497728617,"1","0",265
"11","FEM_2","FEM_5","E",1827,0,-0.670691019354722,-0.128779498817757,-0.244844131845214,"N",0.61417604500991,"1","0",78
"12","FEM_2","FEM_6","C",1217,0,2.85719155514789,-0.548360606680642,-0.244844131845214,"N",0.379608433919007,"0","0",154
"13","FEM_6","FEM_2","D",1381,0,-0.764543391664392,-0.368339692271894,-0.244844131845214,"N",0.475177676772207,"0","0",181
"14","FEM_2","FEM_6","E",1540,0,-0.454297957464079,-0.674082640996727,-0.244844131845214,"N",0.791399889770602,"0","0",145
"15","FEM_2","FEM_27","A",21,0,-1.52660673320852,-0.978983322645183,-0.244844131845214,"N",NA,"0","0",21
"16","FEM_7","FEM_2","A",249,0,-1.33254749710897,-0.978983322645183,-0.244844131845214,"N",-0.469485680915341,"0","0",37
"17","FEM_2","FEM_29","A",0,0,-1.55806443613895,-0.978983322645183,-0.244844131845214,"N",NA,"0","0",0
"18","FEM_8","FEM_2","D",2220,0,0.474642923624757,-0.448456136576869,-0.244844131845214,"N",-0.410193733260536,"1","0",250
"19","FEM_8","FEM_2","E",3010,0,0.0276128711628396,-0.38687708819394,-0.244844131845214,"N",0.273725652781727,"1","0",112
"20","FEM_2","FEM_9","A",2352,0,-0.406324405929144,0.519681044779432,-0.244844131845214,"N",0.0177123689391337,"1","0",59
"21","FEM_2","FEM_9","B",3229,0,0.176243447476447,-0.456222863399941,-0.244844131845214,"N",0.0576107628492102,"0","0",296
"22","FEM_9","FEM_2","C",4365,0,0.307888187361097,0.0993239661115524,-0.244844131845214,"N",-0.0974284883476709,"0","0",656
"23","FEM_9","FEM_2","D",1343,0,-0.798608125149307,-0.597857470584613,-0.244844131845214,"N",-0.0337300526752004,"0","0",290
"24","FEM_2","FEM_9","E",1960,0,-0.446156752491063,0.0993239661115524,-0.244844131845214,"N",0.0899546850935697,"0","0",164
"25","FEM_10","FEM_2","A",4816,0,0.603886258330103,-0.464906591958832,-0.214946597166146,"Y",-1.63239017054888,"0","0",645
"26","FEM_10","FEM_2","B",1821,0,-0.172560723210228,-0.0108680196008147,-0.244844131845214,"N",-1.48135173330597,"0","0",137
"27","FEM_11","FEM_2","A",6132,0,1.21896436402541,0.26362226602567,-0.244844131845214,"N",-0.593881016537177,"1","0",338
"28","FEM_11","FEM_2","B",3114,0,0.186489452783223,0.265037856807934,-0.244844131845214,"N",-0.586882367890576,"0","0",231
"29","FEM_2","FEM_11","C",6611,0,1.07894233351324,0.628078504589447,-0.244844131845214,"N",-0.754398409689855,"0","0",674
"30","FEM_11","FEM_2","D",4306,1,0.392142412011665,-0.0247977361913811,-0.221721937758885,"Y",-0.765201717674745,"0","0",834
"31","FEM_2","FEM_11","E",3787,1,0.502001850059893,0.173990927653161,-0.175477549586226,"Y",-0.753269595392016,"0","0",556
"32","FEM_2","FEM_25","A",3047,0,-0.10003036001039,-0.205297842962225,-0.244844131845214,"N",-0.247335027100664,"0","0",200
"33","FEM_2","FEM_25","B",1584,1,-0.447934525560236,-0.392635857936613,-0.244844131845214,"N",-0.376245619913856,"0","0",377
"34","FEM_2","FEM_25","C",229,0,-0.687085253504228,-0.978983322645183,-0.244844131845214,"N",-0.501769769833531,"0","0",51
"35","FEM_2","FEM_12","B",1552,0,0.517924542142875,-0.90003582471835,-0.244844131845214,"N",0.510058871168981,"0","0",280
"36","FEM_12","FEM_2","C",6216,1,0.788339173386524,-0.0852380630961369,-0.166876841273791,"Y",0.426341345849533,"0","0",742
"37","FEM_12","FEM_2","D",4231,1,0.349314073782444,-0.112108835605455,-0.0347797541981694,"Y",0.186521355662402,"0","0",918
"38","FEM_12","FEM_2","E",3363,0,0.385118687110506,-0.271098916197894,-0.216774394046089,"Y",-0.20940686669328,"0","0",687
"39","FEM_13","FEM_2","E",629,0,0.132175922795003,1.96838993328989,0.183687198554757,"Y",0.151691506700324,"0","0",90
"40","FEM_2","FEM_26","C",2389,0,2.85301003555377,-0.238614442565798,-0.244844131845214,"N",-0.44442600350332,"0","0",209
"41","FEM_2","FEM_26","D",3789,0,0.378309714997364,-0.0108680196008147,-0.244844131845214,"N",-0.317485592584826,"0","0",548
"42","FEM_2","FEM_26","E",3897,0,0.218411341354657,0.29488138966574,-0.14679035285539,"Y",-0.493416544029524,"0","0",590
"43","FEM_14","FEM_2","A",5906,1,1.04276702107898,1.44720807705747,-0.244844131845214,"N",-0.0405152790499485,"0","0",246
"44","FEM_14","FEM_2","B",3543,0,0.42634599270051,-0.277227785517784,-0.244844131845214,"N",-0.174858980795272,"0","0",504
"45","FEM_14","FEM_2","C",6225,0,1.22844934588078,0.0822516852374672,-0.244844131845214,"N",-0.429525654771847,"0","0",979
"46","FEM_2","FEM_14","D",4159,1,0.541971974280748,0.206287423709405,-0.218994386713848,"Y",-0.633384582254222,"0","0",746
"47","FEM_2","FEM_14","E",4085,0,0.411234045355805,0.213418720731041,-0.164827908326547,"Y",-1.02034705826068,"0","0",723
"48","FEM_2","FEM_15","A",8320,8,1.78180118008399,1.57460435825539,0.00267396447682287,"Y",-1.78794078079106,"0","0",857
"49","FEM_15","FEM_2","B",3250,0,0.296756740320503,-0.356972732918625,-0.244844131845214,"N",-1.80983977816914,"0","0",462
"50","FEM_15","FEM_2","C",6642,0,1.36539225948584,0.490676839125723,-0.192155853517349,"Y",-1.79155298654415,"0","0",1098
"51","FEM_15","FEM_2","D",2836,0,0.369789663854213,-0.111369181606274,-0.244844131845214,"N",-1.77900649320096,"0","0",586
"52","FEM_16","FEM_2","A",684,0,2.41406623440964,-0.452666669799634,-0.244844131845214,"N",NA,"1","0",42
"53","FEM_16","FEM_2","B",3104,0,0.357976755694196,-0.900316776668268,-0.244844131845214,"N",-0.0523120384916501,"1","0",281
"54","FEM_2","FEM_16","C",5064,0,0.641746262391855,0.174737941421261,-0.244844131845214,"N",-0.262235375832136,"0","0",479
"55","FEM_2","FEM_16","D",3089,2,-0.0525618637416602,-0.327763372479495,-0.244844131845214,"N",-0.319771595747553,"0","0",611
"56","FEM_2","FEM_16","E",2657,0,0.0151342482646542,-0.115495064070453,-0.244844131845214,"N",-0.805872341671304,"0","0",512
"57","FEM_2","FEM_17","A",7021,4,1.32454021742381,0.567242284419203,-0.19488581612501,"Y",-0.354120859676215,"0","0",386
"58","FEM_2","FEM_17","B",2925,0,0.0782224108263843,-0.30142625231528,-0.244844131845214,"N",-0.667028183037132,"0","0",261
"59","FEM_17","FEM_2","C",5486,0,0.708161545312328,-0.0506767853427967,-0.244844131845214,"N",-0.686218026100391,"0","0",381
"60","FEM_2","FEM_17","D",4018,0,0.312748100992721,0.0400553030770509,-0.176461472738836,"Y",-1.00202695736133,"0","0",846
"61","FEM_17","FEM_2","E",2534,0,-0.388519421750011,-0.707196854372481,-0.244844131845214,"N",-1.47796837460453,"0","0",244
"62","FEM_18","FEM_2","A",3284,0,0.0791325821336683,-0.850464139973595,-0.244844131845214,"N",0.119078093977811,"1","0",172
"63","FEM_2","FEM_18","B",1748,0,-0.411254397451089,-0.286224651378391,-0.244844131845214,"N",0.328175213272889,"0","0",351
"64","FEM_18","FEM_2","C",1684,0,-0.723097572028883,-0.0693002189615173,-0.244844131845214,"N",0.315040256082627,"0","0",243
"65","FEM_2","FEM_18","D",741,0,-0.763925290878831,-0.335139650232181,-0.244844131845214,"N",0.595608591906497,"0","0",309
"66","FEM_2","FEM_19","A",7090,4,1.276376554365,-0.0978362054028941,-0.244844131845214,"N",-1.45832700582213,"0","0",577
"67","FEM_2","FEM_19","B",3400,0,0.0642871833453487,0.690710886382077,-0.213179255214674,"Y",-1.6439071605789,"0","0",609
"68","FEM_2","FEM_19","C",6953,2,1.22707562289647,0.0293285807010275,-0.244844131845214,"N",-1.62674609905968,"0","0",1140
"69","FEM_19","FEM_2","D",4770,6,0.506259343023767,-0.260288858759536,-0.187847353910242,"Y",-1.65099895182603,"0","0",1015
"70","FEM_2","FEM_19","E",3142,1,-0.0302807015802481,0.0381316813201425,-0.244844131845214,"N",-1.83444792986202,"0","0",326
"71","FEM_2","FEM_28","C",4329,0,1.90943983343251,0.142638635215945,-0.244844131845214,"N",0.111979550260605,"0","0",473
"72","FEM_2","FEM_28","D",504,0,-0.244515834559308,1.20725508148248,-0.244844131845214,"N",0.227703338704266,"0","0",182
"73","FEM_2","FEM_20","A",3810,0,0.19003352385196,-0.253809472910025,-0.244844131845214,"N",-0.93636327450147,"0","0",884
"74","FEM_2","FEM_20","B",1638,0,-0.29794535091607,1.30234651068535,-0.244844131845214,"N",-0.870666282367252,"0","0",281
"75","FEM_20","FEM_2","C",3211,0,0.170599472453786,-0.436521987197009,-0.244844131845214,"N",-0.997093483725197,"0","0",652
"76","FEM_2","FEM_20","D",3751,0,0.30270269566416,1.65133475732092,-0.152133026710605,"Y",-1.30228971007121,"0","0",832
"77","FEM_2","FEM_20","E",2950,0,0.277813318074186,0.733399026753717,-0.176943040760711,"Y",-1.62625644782453,"0","0",568
"78","FEM_2","FEM_21","A",3047,0,-0.148741908725095,-0.265909147822181,-0.244844131845214,"N",0.405571162769299,"0","0",217
"79","FEM_2","FEM_21","B",1841,0,-0.335172522422756,-0.128779498817757,-0.244844131845214,"N",0.350361657351941,"0","0",312
"80","FEM_2","FEM_21","C",5231,0,0.52680369205023,-0.252896845361907,-0.244844131845214,"N",0.144137771389832,"0","0",822
"81","FEM_21","FEM_2","D",3036,1,0.0243297229108001,-0.576403366329547,-0.244844131845214,"N",0.379465327406931,"0","0",604
"82","FEM_21","FEM_2","E",2118,0,-0.508060569384105,0.377170015975251,-0.244844131845214,"N",0.214124257855838,"0","0",326
"83","FEM_22","FEM_2","E",3042,0,0.280359693608126,-0.786763327692895,-0.161001045462611,"Y",-0.0678745875510873,"0","0",230
"84","FEM_2","FEM_23","A",7214,5,1.41400422454214,0.456425730569952,-0.244844131845214,"N",-1.26281636943645,"0","0",616
"85","FEM_2","FEM_23","B",3198,0,0.240681970986124,0.332347998851355,-0.244844131845214,"N",-1.36508694482065,"0","0",472
"86","FEM_23","FEM_2","C",5353,1,0.721230461524602,-0.339177261298929,-0.244844131845214,"N",-1.46193921157522,"0","0",691
"87","FEM_23","FEM_2","D",3630,2,0.146076577688412,0.368230199190813,-0.196874206800441,"Y",-1.47084018989096,"0","0",804
"88","FEM_23","FEM_2","E",2727,0,-0.238284019198391,-0.00732180969955325,-0.244844131845214,"N",-1.43168698839314,"0","0",455
"89","FEM_1","FEM_3","A",2399,0,1.81241255202453,5.08530235881415,0.949734355552935,"Y",0.493994949433339,"0","0",113
"90","FEM_24","FEM_1","B",148,0,-1.13208335118223,-0.978983322645183,-0.244844131845214,"N",NA,"1","0",0
"91","FEM_1","FEM_24","C",39,0,-1.42675825297196,-0.978983322645183,-0.244844131845214,"N",NA,"1","0",0
"92","FEM_1","FEM_4","D",140,0,-0.780289983268534,-0.978983322645183,-0.244844131845214,"N",NA,"1","0",12
"93","FEM_1","FEM_6","C",902,0,1.57795653460595,-0.978983322645183,-0.244844131845214,"N",0.15745778010433,"0","0",89
"94","FEM_1","FEM_6","D",167,0,-1.02038714809183,1.41077877676164,-0.244844131845214,"N",0.20295459530207,"0","0",37
"95","FEM_1","FEM_27","A",29,0,-1.49349589761021,-0.978983322645183,-0.244844131845214,"N",NA,"0","0",21
"96","FEM_1","FEM_7","A",0,0,-1.55806443613895,-0.978983322645183,-0.244844131845214,"N",-0.274200807389228,"0","0",0
"97","FEM_1","FEM_29","A",0,0,-1.55806443613895,-0.978983322645183,-0.244844131845214,"N",NA,"0","0",0
"98","FEM_1","FEM_8","D",0,0,-1.55806443613895,-0.978983322645183,-0.244844131845214,"N",NA,"1","0",0
"99","FEM_9","FEM_1","A",2303,0,0.248987210670051,-0.549754207703182,-0.244844131845214,"N",0.212997242465247,"1","0",103
"100","FEM_1","FEM_9","B",3079,0,0.378112081798298,1.91059830082058,-0.244844131845214,"N",0.102311809043627,"0","0",153
"101","FEM_9","FEM_1","C",4271,0,0.708992133530926,-0.32375603875946,-0.244844131845214,"N",-0.290907258997242,"0","0",641
"102","FEM_9","FEM_1","D",192,0,-0.815572265711594,-0.397264916868523,0.770098492786296,"Y",-0.263547960528274,"0","0",38
"103","FEM_10","FEM_1","A",3054,0,0.230612803364355,-0.269430501771924,-0.102000355045224,"Y",-1.43710529702276,"0","0",405
"104","FEM_10","FEM_1","B",1494,1,-0.207789492930078,3.02433861947136,0.362523108091753,"Y",-1.43665068711156,"0","0",127
"105","FEM_1","FEM_11","A",2933,0,-0.0107135493625287,0.112636401775216,-0.244844131845214,"N",-0.398596143011064,"1","0",162
"106","FEM_11","FEM_1","B",1940,0,-0.390320635855421,-0.189508343376859,-0.244844131845214,"N",-0.54218132169616,"0","0",112
"107","FEM_1","FEM_11","C",4129,0,0.1647645796252,-0.669385291559566,-0.244844131845214,"N",-0.947877180339425,"0","0",357
"108","FEM_1","FEM_11","D",530,0,-0.222512163044758,-0.978983322645183,-0.244844131845214,"N",-0.922775510466135,"0","0",119
"109","FEM_25","FEM_1","A",1700,0,-0.431966113466283,-0.978983322645183,-0.244844131845214,"N",-0.0520501535745515,"0","0",121
"110","FEM_1","FEM_25","B",966,0,-0.768124910904678,-0.364947227658709,-0.244844131845214,"N",-0.331544573719439,"0","0",36
"111","FEM_1","FEM_25","C",143,0,-0.94016584302523,-0.978983322645183,-0.244844131845214,"N",-0.666576657317996,"0","0",8
"112","FEM_1","FEM_12","B",1418,0,0.507087920291765,1.00482559961881,-0.244844131845214,"N",0.434654076073349,"0","0",78
"113","FEM_1","FEM_12","C",5033,0,0.582605026812904,0.977879248918269,-0.213231164848495,"Y",0.232862575199962,"0","0",610
"114","FEM_12","FEM_1","D",426,0,-0.634527304722447,-0.429783337067218,0.234259218912517,"Y",-0.0307469746554096,"0","0",161
"115","FEM_1","FEM_26","C",2131,0,2.68200239217233,-0.767449356908216,-0.244844131845214,"N",-0.666576657317996,"0","0",209
"116","FEM_26","FEM_1","D",432,0,-0.37375266726918,0.268896483295071,-0.0893287296839342,"Y",-0.61387516944334,"0","0",124
"117","FEM_1","FEM_14","A",3593,0,0.356153844593307,0.500869358159039,-0.244844131845214,"N",0.154769594476165,"0","0",239
"118","FEM_14","FEM_1","B",3118,0,0.448946594365471,-0.595654430977326,-0.244844131845214,"N",-0.130157934600856,"0","0",173
"119","FEM_1","FEM_14","C",4489,0,0.668804040177808,-0.452666669799634,-0.244844131845214,"N",-0.623004425421418,"0","0",588
"120","FEM_14","FEM_1","D",331,0,-0.642298744407952,-0.978983322645183,-0.244844131845214,"N",-0.737255189035535,"0","0",57
"121","FEM_15","FEM_1","A",4345,1,0.338815418788227,-0.799265441185727,-0.244844131845214,"N",-1.59265590726495,"0","0",369
"122","FEM_15","FEM_1","B",3016,0,0.462387801713443,-0.426350837157356,-0.244844131845214,"N",-1.76513873197472,"0","0",320
"123","FEM_15","FEM_1","C",4995,0,0.889299110688672,-0.595313239262446,-0.244844131845214,"N",-1.98503175719372,"0","0",749
"124","FEM_15","FEM_1","D",350,0,-0.549418549090098,0.0595206769292568,-0.244844131845214,"N",-1.98186239397286,"0","0",149
"125","FEM_1","FEM_16","A",563,0,1.96243642293763,-0.978983322645183,-0.244844131845214,"N",NA,"1","0",27
"126","FEM_16","FEM_1","B",2166,0,-0.0767890718073833,-0.527854763063283,-0.244844131845214,"N",-0.00761099229723348,"1","0",49
"127","FEM_16","FEM_1","C",4191,0,0.581067647227893,0.3295756281928,-0.244844131845214,"N",-0.455714146481707,"0","0",473
"128","FEM_16","FEM_1","D",466,0,-0.175406156741284,0.929387850262421,-0.244844131845214,"N",-0.42835484801274,"0","0",139
"129","FEM_17","FEM_1","A",4229,1,0.490641046020887,-0.185459753739585,-0.244844131845214,"N",-0.158835986150102,"0","0",195
"130","FEM_17","FEM_1","B",2839,0,0.326125868570736,0.494703305322355,-0.244844131845214,"N",-0.622327136842715,"0","0",225
"131","FEM_1","FEM_17","C",4883,0,0.836796454817506,-0.0636500133485753,-0.00529245646634828,"Y",-0.879696796749962,"0","0",483
"132","FEM_1","FEM_17","D",484,0,-0.171333793264531,0.0315446508182718,-0.134650361170936,"Y",-1.0875823979506,"0","0",175
"133","FEM_1","FEM_18","A",2349,0,0.16132125585155,0.012921138486814,-0.244844131845214,"N",0.314362967503924,"1","0",156
"134","FEM_1","FEM_18","B",1485,0,-0.387816706589561,0.275218062859105,-0.244844131845214,"N",0.372876259467306,"0","0",141
"135","FEM_18","FEM_1","C",1808,0,-0.376370141357681,0.455578881571005,-0.244844131845214,"N",0.121561485433057,"0","0",339
"136","FEM_1","FEM_18","D",195,0,-0.84613006749095,-0.699169405942486,-0.244844131845214,"N",0.460071351459528,"0","0",79
"137","FEM_1","FEM_19","A",4079,0,0.32896515284721,-0.561902201522295,-0.184202905845218,"Y",-1.26304213229602,"0","0",318
"138","FEM_1","FEM_19","B",2588,0,-0.209984480697997,0.943216626877693,0.453848254676478,"Y",-1.59920611438449,"0","0",276
"139","FEM_19","FEM_1","C",4424,1,0.290751079288393,-0.470084343203155,-0.161604233134428,"Y",-1.82022486970925,"0","0",695
"140","FEM_1","FEM_19","D",438,0,-0.663692644935571,-0.342859598342648,-0.244844131845214,"N",-1.8170555064884,"0","0",139
"141","FEM_1","FEM_28","C",2550,0,0.624647472837683,-0.894288688853945,-0.244844131845214,"N",-0.110171103554071,"0","0",261
"142","FEM_1","FEM_28","D",152,0,-1.03065928333539,-0.706078391540083,-0.244844131845214,"N",-0.00417974415927966,"0","0",81
"143","FEM_20","FEM_1","A",2539,0,0.0404300694506842,-0.52643388571027,-0.244844131845214,"N",-0.741078400975357,"0","0",635
"144","FEM_1","FEM_20","B",988,0,-0.660305664941767,-0.807624412416399,-0.244844131845214,"N",-0.825965236172835,"0","0",129
"145","FEM_1","FEM_20","C",2289,0,-0.0538970798335236,-0.640981802469142,-0.244844131845214,"N",-1.19057225437477,"0","0",327
"146","FEM_20","FEM_1","D",239,0,-0.817175927988183,-0.978983322645183,-0.244844131845214,"N",-1.41854704904645,"0","0",29
"147","FEM_1","FEM_21","A",1973,0,-0.278914294707029,-0.821088326791518,-0.244844131845214,"N",0.600856036295412,"0","0",140
"148","FEM_1","FEM_21","B",1246,0,-0.598232250777144,-0.978983322645183,-0.244844131845214,"N",0.395062703546358,"0","0",61
"149","FEM_1","FEM_21","C",3372,0,-0.0974778927309392,-0.626239182972102,-0.244844131845214,"N",-0.0493409992597386,"0","0",564
"150","FEM_21","FEM_1","D",222,0,-0.68143764550497,-0.302290483272334,-0.244844131845214,"N",0.194849338540539,"0","0",98
"151","FEM_1","FEM_23","A",4322,1,0.529557959313059,-0.0871268619155488,-0.244844131845214,"N",-1.06753149591034,"0","0",347
"152","FEM_1","FEM_23","B",2880,0,0.323569804160667,0.295097335540009,-0.244844131845214,"N",-1.32038589862623,"0","0",347
"153","FEM_23","FEM_1","C",4680,0,0.809361865451115,0.549196540761669,-0.244844131845214,"N",-1.65541798222479,"0","0",622
"154","FEM_23","FEM_1","D",449,0,-0.226417267709018,1.26608614964911,-0.244844131845214,"N",-1.65224861900393,"0","0",128
"155","FEM_27","FEM_3","A",0,0,-1.55806443613895,-0.978983322645183,-0.244844131845214,"N",NA,"0","0",0
"156","FEM_3","FEM_7","A",0,0,-1.55806443613895,-0.978983322645183,-0.244844131845214,"N",0.925653536926897,"0","0",0
"157","FEM_3","FEM_29","A",0,0,-1.55806443613895,-0.978983322645183,-0.244844131845214,"N",NA,"0","0",0
"158","FEM_3","FEM_9","A",94,0,-1.43343580038499,-0.978983322645183,-0.244844131845214,"N",1.41285158678137,"1","0",0
"159","FEM_3","FEM_10","A",933,0,-0.641848558099502,-0.89461195081498,-0.244844131845214,"N",-0.237250952706638,"0","0",262
"160","FEM_3","FEM_11","A",1917,0,0.252282531495155,-0.978983322645183,-0.244844131845214,"N",0.801258201305061,"1","0",0
"161","FEM_3","FEM_25","A",1210,1,0.127217874316077,-0.328827457365387,-0.244844131845214,"N",1.14780419074157,"0","0",68
"162","FEM_14","FEM_3","A",2229,0,0.416288394761696,-0.978983322645183,-0.244844131845214,"N",1.35462393879229,"0","0",0
"163","FEM_15","FEM_3","A",2879,0,0.302545458674223,0.563246869413869,-0.244844131845214,"N",-0.392801562948825,"0","0",86
"164","FEM_3","FEM_16","A",0,0,-1.55806443613895,-0.978983322645183,-0.244844131845214,"N",NA,"1","0",0
"165","FEM_17","FEM_3","A",2558,0,0.293160733640288,-0.09477134586466,-0.244844131845214,"N",1.04101835816602,"0","0",50
"166","FEM_3","FEM_18","A",1105,0,-0.380567075185426,-0.412180773426899,-0.244844131845214,"N",1.51421731182005,"1","0",39
"167","FEM_19","FEM_3","A",2591,0,0.276008690535194,0.22676028205553,-0.244844131845214,"N",-0.0631877879798945,"0","0",110
"168","FEM_3","FEM_20","A",1501,0,-0.0450003414177365,-0.224857969314247,0.371912047301866,"Y",0.458775943340768,"0","0",469
"169","FEM_3","FEM_21","A",1078,0,-0.312092878995966,-0.978983322645183,-0.244844131845214,"N",1.80071038061154,"0","0",90
"170","FEM_23","FEM_3","A",2634,0,0.317957313923809,-0.0316133475231941,-0.244844131845214,"N",0.132322848405786,"0","0",70
"171","FEM_9","FEM_24","B",200,0,-1.13116387304634,-0.978983322645183,-0.244844131845214,"N",NA,"1","0",0
"172","FEM_9","FEM_24","C",18,0,-1.52661580732778,-0.978983322645183,-0.244844131845214,"N",NA,"1","0",0
"173","FEM_24","FEM_10","B",0,0,-1.55806443613895,-0.978983322645183,-0.244844131845214,"N",NA,"1","0",0
"174","FEM_11","FEM_24","B",176,0,-1.18708212707189,-0.978983322645183,-0.244844131845214,"N",NA,"1","0",0
"175","FEM_24","FEM_11","C",18,0,-1.52168502961344,-0.978983322645183,-0.244844131845214,"N",NA,"1","0",0
"176","FEM_24","FEM_25","B",80,0,-1.29831987214095,-0.978983322645183,-0.244844131845214,"N",NA,"1","0",0
"177","FEM_24","FEM_25","C",28,0,-1.29614363390204,-0.978983322645183,-0.244844131845214,"N",NA,"1","0",0
"178","FEM_24","FEM_12","B",245,0,-1.02708848295049,-0.978983322645183,-0.244844131845214,"N",NA,"1","0",13
"179","FEM_12","FEM_24","C",29,0,-1.50007957585996,-0.978983322645183,-0.244844131845214,"N",NA,"1","0",0
"180","FEM_24","FEM_14","B",156,0,-1.22610561340139,-0.978983322645183,-0.244844131845214,"N",NA,"1","0",22
"181","FEM_14","FEM_24","C",28,0,-1.50219202516884,-0.978983322645183,-0.244844131845214,"N",NA,"1","0",0
"182","FEM_15","FEM_24","B",166,0,-1.19281205957482,-0.978983322645183,-0.244844131845214,"N",NA,"1","0",0
"183","FEM_24","FEM_15","C",28,0,-1.5018191100637,-0.978983322645183,-0.244844131845214,"N",NA,"1","0",0
"184","FEM_24","FEM_16","B",267,0,-1.0358193295111,-0.978983322645183,-0.244844131845214,"N",NA,"2","0",14
"185","FEM_24","FEM_16","C",45,0,-1.42257132244838,-0.978983322645183,-0.244844131845214,"N",NA,"1","0",0
"186","FEM_24","FEM_17","B",230,0,-1.08952285137563,-0.978983322645183,-0.244844131845214,"N",NA,"1","0",0
"187","FEM_17","FEM_24","C",7,0,-1.54428305149337,-0.978983322645183,-0.244844131845214,"N",NA,"1","0",0
"188","FEM_18","FEM_24","B",27,0,-1.45928050325059,-0.978983322645183,-0.244844131845214,"N",NA,"1","0",0
"189","FEM_18","FEM_24","C",28,0,-1.4510989871018,-0.978983322645183,-0.244844131845214,"N",NA,"1","0",0
"190","FEM_19","FEM_24","B",184,0,-1.24177850516785,-0.978983322645183,-0.244844131845214,"N",NA,"1","0",0
"191","FEM_24","FEM_19","C",64,0,-1.45654740397694,-0.978983322645183,-0.244844131845214,"N",NA,"1","0",28
"192","FEM_20","FEM_24","B",219,0,-0.785009777245667,0.462666639496974,-0.244844131845214,"N",NA,"1","0",46
"193","FEM_24","FEM_20","C",29,0,-1.45739062155226,-0.978983322645183,-0.244844131845214,"N",NA,"1","0",2
"194","FEM_21","FEM_24","B",150,0,-1.19652930571346,-0.978983322645183,-0.244844131845214,"N",NA,"1","0",17
"195","FEM_24","FEM_21","C",29,0,-1.50770227199297,-0.978983322645183,-0.244844131845214,"N",NA,"1","0",0
"196","FEM_23","FEM_24","B",227,0,-1.15985416570456,-0.978983322645183,-0.244844131845214,"N",NA,"1","0",28
"197","FEM_23","FEM_24","C",35,0,-1.49591032067739,-0.978983322645183,-0.244844131845214,"N",NA,"1","0",0
"198","FEM_4","FEM_5","D",3738,0,1.82962292350801,-0.292095487575568,-0.244844131845214,"N",0.908292275293297,"2","0",354
"199","FEM_5","FEM_4","E",4176,0,0.677940856649024,0.251293664796299,-0.210223108742882,"Y",1.63959095316668,"2","0",557
"200","FEM_4","FEM_6","D",1037,0,-0.970448706122828,1.29210908346917,-0.244844131845214,"N",1.11416227224525,"1","0",146
"201","FEM_4","FEM_6","E",1026,0,-0.923772247254344,-0.324011487992944,-0.244844131845214,"N",1.81681479792737,"1","0",135
"202","FEM_8","FEM_4","D",3099,0,0.848743031836384,0.569795617575478,-0.244844131845214,"N",0.228790862212505,"2","0",157
"203","FEM_8","FEM_4","E",5130,1,1.39011723216362,-0.21071067299386,-0.244844131845214,"N",1.2991405609385,"2","0",633
"204","FEM_4","FEM_9","D",1859,0,-0.446039194159491,0.291957917080415,0.863881692187565,"Y",0.60525454279784,"1","0",487
"205","FEM_4","FEM_9","E",1997,0,-0.510026628466338,0.215897727058226,0.471787653789872,"Y",1.11536959325034,"1","0",296
"206","FEM_11","FEM_4","D",3713,0,0.07744948286963,-0.725869207154575,-0.208042777135293,"Y",-0.126217122201704,"1","0",524
"207","FEM_11","FEM_4","E",2991,0,-0.134698688994365,0.765024521103383,0.173544445172509,"Y",0.272145312764753,"1","0",507
"208","FEM_4","FEM_12","D",3501,0,-0.0294535871706177,-0.224536243480914,0.906925228871431,"Y",0.825505951135442,"1","0",586
"209","FEM_4","FEM_12","E",2753,0,-0.158373190314857,-0.0309977724906262,-0.0193013263715451,"Y",0.816008041463489,"1","0",513
"210","FEM_13","FEM_4","E",154,0,-1.12700189464918,0.61899012936781,-0.244844131845214,"N",1.27282986731382,"1","0",83
"211","FEM_4","FEM_26","D",3391,0,0.146594620519278,0.15686210207288,-0.244844131845214,"N",0.321499002888214,"1","0",506
"212","FEM_26","FEM_4","E",3512,0,-0.0931207471675756,-0.226293915887569,-0.0720492405549031,"Y",0.531998364127245,"1","0",558
"213","FEM_14","FEM_4","D",3436,2,0.109980579539457,0.131108132919884,0.0498881150455957,"Y",0.00560001321881863,"1","0",458
"214","FEM_4","FEM_14","E",3259,0,-0.166366361928484,-0.700579047840232,-0.196270051573177,"Y",0.00506784989609158,"1","0",397
"215","FEM_15","FEM_4","D",2056,0,-0.114507478191492,-0.401066997952031,-0.244844131845214,"N",-1.14002189772791,"1","0",306
"216","FEM_16","FEM_4","D",3434,2,0.175386267084072,0.714383299553541,0.473810894291383,"Y",0.319212999725488,"1","0",483
"217","FEM_16","FEM_4","E",4041,0,0.910394831425391,1.04421357337805,0.626745014730998,"Y",0.219542566485465,"1","0",885
"218","FEM_17","FEM_4","D",4648,0,0.726396750085202,0.140272344165606,0.623067423395233,"Y",-0.363042361888285,"1","0",711
"219","FEM_17","FEM_4","E",3416,0,0.00366926876478623,-0.521918860963522,-0.0273564265670333,"Y",-0.452553466447759,"1","0",532
"220","FEM_18","FEM_4","D",579,0,-0.643007465114626,-0.750307811408841,1.55055437310639,"Y",1.23459318737954,"1","0",290
"221","FEM_19","FEM_4","D",3897,1,0.0577357843606261,-0.33073407280609,1.11238119610777,"Y",-1.01201435635299,"1","0",682
"222","FEM_19","FEM_4","E",2773,0,-0.329962058371454,0.511839196345234,0.607235606508216,"Y",-0.809033021705253,"1","0",430
"223","FEM_28","FEM_4","D",13,0,-1.48141324005964,-0.978983322645183,-0.244844131845214,"N",NA,"1","0",0
"224","FEM_20","FEM_4","D",3269,0,0.0253550383035038,-0.581405994956099,0.275405235097197,"Y",-0.663305114598164,"1","0",556
"225","FEM_4","FEM_20","E",2585,0,-0.128042223243307,1.17107619536217,0.898123170361395,"Y",-0.600841539667758,"1","0",658
"226","FEM_21","FEM_4","D",2605,0,-0.225988510706866,-0.226171268110682,-0.244844131845214,"N",1.01844992287997,"1","0",323
"227","FEM_21","FEM_4","E",2254,0,-0.507524294120889,-0.280395982073664,-0.244844131845214,"N",1.23953916601261,"1","0",443
"228","FEM_4","FEM_22","E",2638,0,0.00763428283405448,-0.727786738332534,-0.201017063963399,"Y",0.957540320605682,"1","0",440
"229","FEM_23","FEM_4","D",4349,1,0.610699755939971,-0.203358781609637,-0.196513530672285,"Y",-0.831855594417921,"1","0",798
"230","FEM_23","FEM_4","E",3590,1,0.159921844100427,0.166005759338052,-0.244844131845214,"N",-0.406272080236368,"1","0",946
"231","FEM_5","FEM_6","D",390,0,-1.09316773803094,-0.978983322645183,-0.244844131845214,"N",1.89241310404549,"1","0",0
"232","FEM_5","FEM_6","E",685,0,-1.11746771137362,-0.978983322645183,-0.244844131845214,"N",2.59501937485744,"1","0",11
"233","FEM_8","FEM_5","D",2639,1,1.38501053599133,-0.439829678266815,-0.244844131845214,"N",0.937674513314517,"2","0",123
"234","FEM_5","FEM_8","E",4026,0,0.694319587992701,-0.823312199972556,-0.244844131845214,"N",2.07734513786857,"2","0",142
"235","FEM_9","FEM_5","D",1144,0,-0.268116827514514,-0.258158341574104,-0.244844131845214,"N",1.34110020098102,"1","0",276
"236","FEM_9","FEM_5","E",1950,0,-0.474822671467892,-0.666172481803017,-0.244844131845214,"N",1.89357417018041,"1","0",212
"237","FEM_11","FEM_5","D",1852,0,0.034469818739616,-0.768456661506963,-0.244844131845214,"N",0.53738442091979,"1","0",210
"238","FEM_5","FEM_11","E",1666,0,-0.794078154423759,-0.978983322645183,-0.244844131845214,"N",1.05034988969482,"1","0",79
"239","FEM_12","FEM_5","D",1950,0,0.203882519815368,-0.755697469922828,-0.244844131845214,"N",1.54880203178336,"1","0",297
"240","FEM_12","FEM_5","E",1574,0,-0.78081153269477,-0.545546079125319,-0.244844131845214,"N",1.59421261839356,"1","0",204
"241","FEM_13","FEM_5","E",363,0,-0.672667704324837,-0.389508671458168,-0.244844131845214,"N",2.03816596124853,"1","0",75
"242","FEM_26","FEM_5","D",2233,0,0.534996653097439,0.284176644184135,-0.244844131845214,"N",1.12391633007683,"1","0",210
"243","FEM_5","FEM_26","E",2583,0,-0.490472869103954,-0.344814896675546,-0.165811714353416,"Y",1.31020294105732,"1","0",244
"244","FEM_14","FEM_5","D",2325,0,0.460004261794721,-0.360653268952509,-0.244844131845214,"N",0.615498370330236,"1","0",143
"245","FEM_5","FEM_14","E",2524,0,-0.477501989512699,-0.90087272398966,-0.244844131845214,"N",0.783272426826162,"1","0",283
"246","FEM_5","FEM_15","D",1376,0,0.780491188617305,-0.644054543561651,-0.244844131845214,"N",-0.431138246625903,"1","0",66
"247","FEM_5","FEM_16","D",2417,0,0.930917948275111,0.267982285635042,-0.244844131845214,"N",0.933824002320778,"1","0",195
"248","FEM_5","FEM_16","E",2978,0,0.216123502045749,1.18202354525019,-0.127019835299397,"Y",0.997747143415535,"1","0",491
"249","FEM_5","FEM_17","D",2836,0,1.07772212404236,0.238409978719305,-0.133053350001743,"Y",0.228540829031094,"1","0",345
"250","FEM_5","FEM_17","E",3854,0,0.357504631005941,0.441665740305529,-0.244844131845214,"N",0.325651110482312,"1","0",389
"251","FEM_18","FEM_5","D",0,0,-1.55806443613895,-0.978983322645183,-0.244844131845214,"N",1.87615817815661,"1","0",0
"252","FEM_19","FEM_5","D",2492,0,0.599547075471096,-0.535398718909135,-0.244844131845214,"N",-0.339930051360527,"1","0",299
"253","FEM_5","FEM_19","E",2159,0,-0.591875278565229,0.126281648330471,-0.244844131845214,"N",-0.0308284447751823,"1","0",260
"254","FEM_5","FEM_20","D",1825,0,0.212007239739948,0.545520085597098,4.07741152822346,"Y",-0.0410200252928124,"1","0",232
"255","FEM_20","FEM_5","E",1731,0,-0.606407264867698,1.76986220102484,4.05157102009232,"Y",0.177363037262313,"1","0",193
"256","FEM_5","FEM_21","D",1856,0,0.130186486633013,0.115338430796058,-0.244844131845214,"N",1.70909366207647,"1","0",202
"257","FEM_21","FEM_5","E",2114,0,-0.528695048056809,-0.221087342547592,-0.244844131845214,"N",2.01774374294268,"1","0",350
"258","FEM_22","FEM_5","E",1594,0,-0.553606079007277,-0.978983322645183,-0.244844131845214,"N",1.73574489753575,"1","0",94
"259","FEM_5","FEM_23","D",2769,0,1.00102119723672,0.937265543442638,-0.244844131845214,"N",-0.144419414974847,"1","0",323
"260","FEM_23","FEM_5","E",3723,1,0.34303641688003,0.616783854384755,-0.244844131845214,"N",0.371932496693703,"1","0",845
"261","FEM_8","FEM_6","D",390,0,-1.09002436576564,-0.978983322645183,-0.244844131845214,"N",1.14354451026647,"1","0",10
"262","FEM_6","FEM_8","E",1244,0,-0.719909128332828,-0.978983322645183,-0.244844131845214,"N",2.25456898262926,"1","0",0
"263","FEM_9","FEM_6","C",675,0,0.940587983978166,-0.978983322645183,-0.244844131845214,"N",1.34948567862211,"0","0",86
"264","FEM_9","FEM_6","D",421,0,-1.15571139217096,2.6603037769088,-0.244844131845214,"N",1.5200081908518,"0","0",164
"265","FEM_9","FEM_6","E",440,0,-1.22299680605748,0.915756627598795,-0.244844131845214,"N",2.0707980149411,"0","0",35
"266","FEM_6","FEM_11","C",1015,0,2.09561498144029,-0.978983322645183,-0.244844131845214,"N",0.740829009227424,"0","0",111
"267","FEM_11","FEM_6","D",1441,0,-0.742390253407917,0.138039786319573,-0.244844131845214,"N",0.788536525852259,"0","0",376
"268","FEM_6","FEM_11","E",1445,0,-0.599504939144223,-0.450148408302765,-0.244844131845214,"N",1.22757373445552,"0","0",209
"269","FEM_6","FEM_12","C",879,0,1.38278008887339,-0.702667079901269,-0.244844131845214,"N",1.90260468456312,"0","0",80
"270","FEM_6","FEM_12","D",953,0,-1.03915862500774,-0.00195351404792006,-0.244844131845214,"N",1.74025959918941,"0","0",181
"271","FEM_12","FEM_6","E",1243,0,-0.649289041148504,-0.0449565866094193,-0.244844131845214,"N",1.77143646315425,"0","0",142
"272","FEM_6","FEM_13","E",130,0,-1.08568383667907,0.126281648330471,-0.244844131845214,"N",2.22780676328545,"0","0",20
"273","FEM_6","FEM_26","C",892,0,1.57624816611873,0.174336647068543,-0.244844131845214,"N",0.981492217526657,"0","0",115
"274","FEM_26","FEM_6","D",846,0,-1.0039222176073,-0.764368765174182,-0.244844131845214,"N",1.23625265094218,"0","0",206
"275","FEM_6","FEM_26","E",1669,0,-0.654133640396642,0.0778437412359202,-0.244844131845214,"N",1.48742678581801,"0","0",251
"276","FEM_14","FEM_6","C",836,0,1.45440461078298,-0.871152593769509,-0.244844131845214,"N",1.01490512074268,"0","0",205
"277","FEM_6","FEM_14","D",960,0,-0.95328604832271,-0.09477134586466,-0.244844131845214,"N",0.920353661272782,"0","0",150
"278","FEM_6","FEM_14","E",1577,0,-0.665845573991656,-0.978983322645183,-0.244844131845214,"N",0.960496271586855,"0","0",177
"279","FEM_15","FEM_6","C",822,0,1.37343599781745,-0.700929241896591,-0.244844131845214,"N",-0.336962882349065,"0","0",159
"280","FEM_15","FEM_6","D",573,0,-1.04461247791199,-0.875202574196765,-0.244844131845214,"N",-0.225268249673951,"0","0",213
"281","FEM_16","FEM_6","C",774,0,1.06315723511503,-0.978983322645183,-0.244844131845214,"N",1.18467879113764,"0","0",98
"282","FEM_16","FEM_6","D",640,0,-1.14526129753012,2.47097670236553,0.201026616547819,"Y",1.23396664777945,"0","0",173
"283","FEM_16","FEM_6","E",1094,0,-0.679744007257242,-0.978983322645183,-0.244844131845214,"N",1.17497098817623,"0","0",60
"284","FEM_17","FEM_6","C",1040,0,1.86355169302861,-0.389508671458168,-0.244844131845214,"N",0.727734763372494,"0","0",75
"285","FEM_17","FEM_6","D",807,0,-1.09859664103686,-0.718920976533264,-0.0179746039864059,"Y",0.551711286165678,"0","0",170
"286","FEM_17","FEM_6","E",807,0,-1.09612699688887,1.37264427517536,-0.244844131845214,"N",0.502874955243004,"0","0",47
"287","FEM_18","FEM_6","C",358,0,-0.0785749067444944,-0.748719787025255,-0.244844131845214,"N",1.84480939251377,"0","0",96
"288","FEM_6","FEM_18","D",134,0,-1.33541109660624,-0.978983322645183,-0.244844131845214,"N",2.1493468354335,"0","0",36
"289","FEM_6","FEM_19","C",1170,0,2.68667632787552,-0.761197121467714,-0.244844131845214,"N",-0.1721559948646,"0","0",203
"290","FEM_6","FEM_19","D",1415,0,-0.828734386085071,1.18114365646033,-0.244844131845214,"N",-0.0972607082990313,"0","0",307
"291","FEM_6","FEM_19","E",1404,0,-0.701182188450044,-0.715824996222408,-0.244844131845214,"N",0.14639539998551,"0","0",168
"292","FEM_6","FEM_28","C",1210,0,2.95478744045667,-0.30912576447812,-0.244844131845214,"N",1.53789777129058,"0","0",165
"293","FEM_28","FEM_6","D",431,0,0.461884801346235,0.32132840791441,0.208894923872402,"Y",1.6830472194414,"0","0",85
"294","FEM_20","FEM_6","C",1198,0,3.09557572738232,-0.27944853088844,-0.244844131845214,"N",0.427921685866508,"0","0",158
"295","FEM_20","FEM_6","D",2072,0,-0.0814060267399249,4.28016552143744,1.69336054954397,"Y",0.251448533455798,"0","0",786
"296","FEM_6","FEM_20","E",1649,0,-0.0931394300081127,1.38944161515979,-0.244844131845214,"N",0.354586882023005,"0","0",252
"297","FEM_21","FEM_6","C",1042,0,2.23621474378195,0.258913444847549,-0.244844131845214,"N",1.66781131061265,"0","0",250
"298","FEM_21","FEM_6","D",1044,0,-0.785395869230925,2.2717960037538,-0.0017696377107767,"Y",1.93320357093393,"0","0",238
"299","FEM_6","FEM_21","E",939,0,-0.939611640698097,0.126281648330471,1.20144910825469,"Y",2.19496758770337,"0","0",200
"300","FEM_22","FEM_6","E",899,0,-0.873158957945962,2.22046790912645,-0.244844131845214,"N",1.91296874229644,"0","0",76
"301","FEM_23","FEM_6","C",1012,0,1.85580444403319,-0.978983322645183,-0.244844131845214,"N",-0.0073491073801349,"0","0",124
"302","FEM_23","FEM_6","D",805,0,-1.07974983806254,-0.608503444105858,-0.244844131845214,"N",0.0828980536360419,"0","0",179
"303","FEM_23","FEM_6","E",917,0,-1.00518135607525,-0.749912862339348,-0.244844131845214,"N",0.549156341454395,"0","0",193
"304","FEM_7","FEM_27","A",0,0,-1.55806443613895,-0.978983322645183,-0.244844131845214,"N",NA,"0","0",0
"305","FEM_9","FEM_27","A",82,0,-1.4130414939558,-0.978983322645183,-0.244844131845214,"N",NA,"1","0",51
"306","FEM_27","FEM_10","A",42,0,-1.50955249045515,-0.978983322645183,-0.244844131845214,"N",NA,"0","0",34
"307","FEM_27","FEM_11","A",14,0,-1.54079903495818,-0.978983322645183,-0.244844131845214,"N",NA,"1","0",4
"308","FEM_27","FEM_25","A",47,0,-1.47340582213018,-0.978983322645183,-0.244844131845214,"N",NA,"0","0",30
"309","FEM_14","FEM_27","A",29,0,-1.51720476052611,-0.978983322645183,-0.244844131845214,"N",NA,"0","0",21
"310","FEM_15","FEM_27","A",29,0,-1.52266616664752,-0.978983322645183,-0.244844131845214,"N",NA,"0","0",21
"311","FEM_16","FEM_27","A",73,0,-1.02333421176867,-0.978983322645183,1.13257800158326,"Y",NA,"1","0",42
"312","FEM_17","FEM_27","A",29,0,-1.51844659791399,0.0736499830459157,-0.244844131845214,"N",NA,"0","0",21
"313","FEM_18","FEM_27","A",21,0,-1.49894851696795,1.12628328873701,-0.244844131845214,"N",NA,"1","0",21
"314","FEM_27","FEM_19","A",42,0,-1.50186260152016,2.2717960037538,-0.244844131845214,"N",NA,"0","0",34
"315","FEM_20","FEM_27","A",29,0,-1.49439694921035,-0.978983322645183,-0.244844131845214,"N",NA,"0","0",21
"316","FEM_21","FEM_27","A",10,0,-1.53865823308162,-0.978983322645183,-0.244844131845214,"N",NA,"0","0",0
"317","FEM_23","FEM_27","A",21,0,-1.52882750024967,0.0736499830459157,-0.244844131845214,"N",NA,"0","0",21
"318","FEM_7","FEM_29","A",5,0,-0.961323692126302,-0.978983322645183,-0.244844131845214,"N",NA,"0","0",0
"319","FEM_9","FEM_7","A",0,0,-1.55806443613895,-0.978983322645183,-0.244844131845214,"N",0.644655829958805,"1","0",0
"320","FEM_10","FEM_7","A",202,0,-1.13778102424522,-0.978983322645183,-0.244844131845214,"N",-1.0054467095292,"0","0",31
"321","FEM_11","FEM_7","A",299,0,-1.153028115878,-0.978983322645183,-0.244844131845214,"N",0.033062444482494,"1","0",37
"322","FEM_7","FEM_25","A",43,0,-1.4481883626382,-0.978983322645183,-0.244844131845214,"N",0.379608433919007,"0","0",0
"323","FEM_7","FEM_14","A",0,0,-1.55806443613895,-0.978983322645183,-0.244844131845214,"N",0.586428181969723,"0","0",0
"324","FEM_7","FEM_15","A",240,0,-1.37762279050723,-0.978983322645183,-0.244844131845214,"N",-1.16099731977139,"0","0",46
"325","FEM_16","FEM_7","A",0,0,-1.55806443613895,-0.978983322645183,-0.244844131845214,"N",NA,"1","0",0
"326","FEM_17","FEM_7","A",14,0,-1.54586059571234,-0.978983322645183,-0.244844131845214,"N",0.272822601343456,"0","0",0
"327","FEM_18","FEM_7","A",3,0,-1.55257208546673,-0.978983322645183,-0.244844131845214,"N",0.746021554997482,"1","0",0
"328","FEM_7","FEM_19","A",205,0,-1.38997044309677,-0.978983322645183,-0.244844131845214,"N",-0.831383544802461,"0","0",100
"329","FEM_20","FEM_7","A",454,0,-0.897005232464527,2.59081658361159,-0.244844131845214,"N",-0.309419813481799,"0","0",161
"330","FEM_21","FEM_7","A",269,0,-1.02452007579022,-0.978983322645183,-0.244844131845214,"N",1.03251462378897,"0","0",0
"331","FEM_7","FEM_23","A",10,0,-1.5496113983681,-0.978983322645183,-0.244844131845214,"N",-0.63587290841678,"0","0",10
"332","FEM_29","FEM_9","A",0,0,-1.55806443613895,-0.978983322645183,-0.244844131845214,"N",NA,"1","0",0
"333","FEM_10","FEM_29","A",0,0,-1.55806443613895,-0.978983322645183,-0.244844131845214,"N",NA,"0","0",0
"334","FEM_29","FEM_11","A",0,0,-1.55806443613895,-0.978983322645183,-0.244844131845214,"N",NA,"1","0",0
"335","FEM_29","FEM_25","A",0,0,-1.55806443613895,-0.978983322645183,-0.244844131845214,"N",NA,"0","0",0
"336","FEM_29","FEM_14","A",0,0,-1.55806443613895,-0.978983322645183,-0.244844131845214,"N",NA,"0","0",0
"337","FEM_29","FEM_15","A",0,0,-1.55806443613895,-0.978983322645183,-0.244844131845214,"N",NA,"0","0",0
"338","FEM_17","FEM_29","A",0,0,-1.55806443613895,-0.978983322645183,-0.244844131845214,"N",NA,"0","0",0
"339","FEM_18","FEM_29","A",0,0,-1.55806443613895,-0.978983322645183,-0.244844131845214,"N",NA,"1","0",0
"340","FEM_29","FEM_19","A",0,0,-1.55806443613895,-0.978983322645183,-0.244844131845214,"N",NA,"0","0",0
"341","FEM_29","FEM_20","A",22,0,-1.48417397623015,-0.978983322645183,-0.244844131845214,"N",NA,"0","0",0
"342","FEM_29","FEM_21","A",5,0,-1.53391163561366,-0.978983322645183,-0.244844131845214,"N",NA,"0","0",0
"343","FEM_23","FEM_29","A",0,0,-1.55806443613895,-0.978983322645183,-0.244844131845214,"N",NA,"0","0",0
"344","FEM_9","FEM_8","D",1024,0,-0.309680277336588,-0.978983322645183,-0.244844131845214,"N",0.634636780819061,"1","0",214
"345","FEM_9","FEM_8","E",2022,0,-0.434735904921822,-0.370580586328309,-0.244844131845214,"N",1.55312377795223,"1","0",218
"346","FEM_8","FEM_11","D",1710,0,-0.16891417229259,-0.978983322645183,-0.244844131845214,"N",-0.0968348841804838,"1","0",178
"347","FEM_8","FEM_11","E",2634,1,-0.273865577929345,0.0665375958453003,-0.244844131845214,"N",0.709899497466641,"1","0",148
"348","FEM_8","FEM_12","D",1802,0,0.00467561901578864,-0.894288688853945,-0.244844131845214,"N",0.854888189156663,"1","0",261
"349","FEM_12","FEM_8","E",2760,0,-0.0773815205139907,-0.692830579350515,-0.244844131845214,"N",1.25376222616538,"1","0",309
"350","FEM_13","FEM_8","E",307,0,-0.872322862219027,-0.498433335264464,-0.244844131845214,"N",1.8878078967764,"1","0",46
"351","FEM_8","FEM_26","D",2093,0,0.539235676156099,-0.978983322645183,-0.244844131845214,"N",0.350881240909435,"1","0",214
"352","FEM_8","FEM_26","E",3198,0,-0.191909657535624,-0.808942557879698,-0.244844131845214,"N",0.969752548829133,"1","0",260
"353","FEM_14","FEM_8","D",2135,0,0.392685467004815,-0.978983322645183,-0.244844131845214,"N",0.034982251240039,"1","0",192
"354","FEM_8","FEM_14","E",3319,0,-0.0705437277683158,-0.689077756487634,-0.244844131845214,"N",0.44282203459798,"1","0",305
"355","FEM_8","FEM_15","D",1235,0,0.629475967833708,-0.978983322645183,-0.244844131845214,"N",-1.11063965970669,"1","0",81
"356","FEM_16","FEM_8","D",2059,0,0.541330854227173,-0.638901793114212,-0.244844131845214,"N",0.348595237746708,"1","0",130
"357","FEM_16","FEM_8","E",3687,0,0.766143216062634,0.0906279395893206,-0.128207580224254,"Y",0.657296751187352,"1","0",496
"358","FEM_8","FEM_17","D",2503,0,0.694145125054126,-0.793224503993813,-0.244844131845214,"N",-0.333660123867065,"1","0",238
"359","FEM_17","FEM_8","E",3503,0,0.13184014151838,-0.592527039087262,-0.244844131845214,"N",-0.0147992817458709,"1","0",286
"360","FEM_18","FEM_8","D",0,0,-1.55806443613895,-0.978983322645183,-0.244844131845214,"N",1.26397542540076,"1","0",0
"361","FEM_19","FEM_8","D",2259,0,0.376279100774082,-0.978983322645183,-0.244844131845214,"N",-0.982632118331774,"1","0",222
"362","FEM_8","FEM_19","E",2597,0,-0.367617825879381,0.779392767543357,-0.244844131845214,"N",-0.371278837003365,"1","0",352
"363","FEM_8","FEM_28","D",0,0,-1.55806443613895,-0.978983322645183,-0.244844131845214,"N",NA,"1","0",0
"364","FEM_8","FEM_20","D",1712,0,-0.0829843037645506,-0.685550144510054,-0.244844131845214,"N",-0.633922876576944,"1","0",226
"365","FEM_8","FEM_20","E",2672,0,0.0199663384383675,-0.0900302628792417,-0.141445151319752,"Y",-0.16308735496587,"1","0",373
"366","FEM_21","FEM_8","D",1803,0,0.130343750126698,-0.846616260252889,-0.244844131845214,"N",1.04783216090119,"1","0",167
"367","FEM_21","FEM_8","E",2295,0,-0.43184636672844,-0.288192715785399,-0.244844131845214,"N",1.67729335071449,"1","0",288
"368","FEM_8","FEM_22","E",2522,0,-0.0368227304715801,-0.281969376984861,0.102613703614222,"Y",1.39529450530757,"1","0",222
"369","FEM_8","FEM_23","D",2257,0,0.401472597241692,-0.84501181101177,-0.244844131845214,"N",-0.802473356396701,"1","0",165
"370","FEM_8","FEM_23","E",3490,0,0.184969638940986,-0.65861666439137,-0.244844131845214,"N",0.0314821044655199,"1","0",483
"371","FEM_10","FEM_9","A",2852,0,0.267878348019312,-0.978983322645183,-0.244844131845214,"N",-0.51824865967473,"1","0",147
"372","FEM_9","FEM_10","B",2660,0,0.417582816785317,0.454466127766927,0.150048220400493,"Y",-0.283513833765605,"0","0",293
"373","FEM_11","FEM_9","A",2298,0,-0.290255504522126,0.590623736728526,0.439791721456515,"Y",0.520260494336969,"2","0",169
"374","FEM_11","FEM_9","B",3924,0,0.486856431305541,2.77221900309037,1.15762204037287,"Y",0.610955531649792,"0","0",495
"375","FEM_9","FEM_11","C",4989,0,0.445347736607156,2.91359510983977,-0.0961250326061495,"Y",0.251826655403655,"0","0",778
"376","FEM_11","FEM_9","D",1128,0,-0.943146079920908,-0.733368884650593,-0.244844131845214,"N",0.279628796404851,"0","0",180
"377","FEM_9","FEM_11","E",2148,0,-0.386918423976514,0.70075067579806,-0.244844131845214,"N",0.526128529778484,"0","0",329
"378","FEM_9","FEM_25","A",1229,0,-0.682099161948063,0.126281648330471,0.71935136155472,"Y",0.866806483773481,"1","0",40
"379","FEM_25","FEM_9","B",1580,0,-0.616674837562277,0.00660327567705594,-0.244844131845214,"N",0.821592279626512,"0","0",157
"380","FEM_9","FEM_25","C",207,0,-0.850811783363447,-0.561902201522295,-0.244844131845214,"N",0.540803115650388,"0","0",53
"381","FEM_9","FEM_12","B",1983,0,1.08168709970221,1.27067104305748,1.97365877332278,"Y",1.70840812975465,"0","0",226
"382","FEM_12","FEM_9","C",5638,0,0.713871880721113,1.11432154662689,-0.190060296992945,"Y",1.43256641094304,"0","0",1056
"383","FEM_9","FEM_12","D",1140,0,-0.935820342240254,0.763306286774567,0.230129017612882,"Y",1.231351869742,"0","0",406
"384","FEM_12","FEM_9","E",1979,0,-0.386807663237796,0.75602564342125,-0.188786254321962,"Y",1.06999125847722,"0","0",344
"385","FEM_13","FEM_9","E",387,0,-0.767131885793047,-0.753419042854233,-0.244844131845214,"N",1.4669859265421,"0","0",98
"386","FEM_26","FEM_9","C",1670,0,1.85500367517281,-0.412180773426899,-0.244844131845214,"N",0.52545124119978,"0","0",195
"387","FEM_9","FEM_26","D",987,0,-0.912481508202674,-0.753419042854233,-0.244844131845214,"N",0.72734492149477,"0","0",196
"388","FEM_9","FEM_26","E",2693,0,-0.291746607590466,0.23893951038584,0.0207744613779085,"Y",0.785981581140976,"0","0",363
"389","FEM_14","FEM_9","A",2720,0,-0.0759828905559068,-0.978983322645183,-0.244844131845214,"N",1.0736262318242,"1","0",69
"390","FEM_14","FEM_9","B",4100,0,0.538175299826881,0.585070881565648,-0.244844131845214,"N",1.0229789187451,"0","0",424
"391","FEM_14","FEM_9","C",4335,0,0.36353552885976,-0.289986977101918,-0.244844131845214,"N",0.576699410321662,"0","0",770
"392","FEM_14","FEM_9","D",1058,0,-0.895047977410141,-0.588889803477305,-0.244844131845214,"N",0.411445931825374,"0","0",170
"393","FEM_9","FEM_14","E",2649,0,-0.260061443407431,-0.752494599084598,-0.244844131845214,"N",0.259051066909823,"0","0",488
"394","FEM_9","FEM_15","A",2797,0,-0.362548981514739,-0.978983322645183,-0.244844131845214,"N",-0.673799269916917,"1","0",153
"395","FEM_9","FEM_15","B",3888,0,0.476520153184114,-0.468468324504003,-0.244844131845214,"N",-0.612001878628767,"0","0",433
"396","FEM_15","FEM_9","C",4459,1,0.350546554437828,0.0708725864609788,-0.244844131845214,"N",-0.785327921450638,"0","0",758
"397","FEM_15","FEM_9","D",782,0,-0.849629069421567,-0.978983322645183,-0.244844131845214,"N",-0.734175979121359,"0","0",102
"398","FEM_9","FEM_16","A",720,0,2.4580344308986,-0.978983322645183,-0.244844131845214,"N",NA,"2","0",1
"399","FEM_9","FEM_16","B",3322,0,0.247914038586258,1.9200723389303,7.65839761733458,"Y",1.14552586104872,"1","0",122
"400","FEM_9","FEM_16","C",5176,0,0.985724634198969,1.76512281219092,-0.222678718203836,"Y",0.743989689261373,"0","0",870
"401","FEM_9","FEM_16","D",1700,0,-0.360696968502669,0.330214365070853,0.194424885649061,"Y",0.725058918332043,"0","0",439
"402","FEM_9","FEM_16","E",1511,0,-0.621594468840529,0.0470010385980399,-0.244844131845214,"N",0.473525783499196,"0","0",237
"403","FEM_17","FEM_9","A",3135,0,-0.0270164682566405,0.374402356100515,-0.244844131845214,"N",0.760020651197931,"1","0",49
"404","FEM_9","FEM_17","B",3691,0,0.356496298169614,0.741788488454637,-0.244844131845214,"N",0.530809716503237,"0","0",334
"405","FEM_9","FEM_17","C",5304,2,0.8572575632308,0.0454086016737156,-0.127259315576929,"Y",0.320007038993118,"0","0",820
"406","FEM_9","FEM_17","D",1677,0,-0.543688602389666,-0.601575771580325,-0.103742352323272,"Y",0.0428035567182703,"0","0",410
"407","FEM_9","FEM_17","E",2864,0,-0.0330521519938959,-0.0245230713708706,1.05407207688009,"Y",-0.198570249434028,"0","0",579
"408","FEM_18","FEM_9","A",2159,1,0.213091511876016,-0.978983322645183,0.652081908526818,"Y",1.23321960485196,"2","0",43
"409","FEM_18","FEM_9","B",2689,0,0.0823494162925323,1.67924888603044,1.95205699235717,"Y",1.52601311281326,"0","0",474
"410","FEM_9","FEM_18","C",1975,0,-0.412294201029185,0.818736810869434,-0.244844131845214,"N",1.32126532117614,"0","0",332
"411","FEM_18","FEM_9","D",320,0,-0.874602035097621,1.33570771604729,0.764784657055241,"Y",1.64043910598609,"0","0",191
"412","FEM_9","FEM_19","A",3043,0,-0.133843193762103,-0.305725472304683,-0.244844131845214,"N",-0.344185494947986,"1","0",197
"413","FEM_19","FEM_9","B",4222,1,0.336987910260225,0.518911709888557,-0.244844131845214,"N",-0.446069261038534,"0","0",487
"414","FEM_19","FEM_9","C",4626,2,0.233880897319861,0.750775435153308,-0.244844131845214,"N",-0.620521033966173,"0","0",869
"415","FEM_19","FEM_9","D",1535,0,-0.768998218413628,0.490934285813487,-0.244844131845214,"N",-0.606168437746439,"0","0",391
"416","FEM_19","FEM_9","E",2770,0,-0.076265859120842,0.695660572772474,-0.0778838732478227,"Y",-0.555049804691522,"0","0",462
"417","FEM_9","FEM_28","C",2221,0,0.479331513032025,-0.546957926824081,-0.244844131845214,"N",1.08185679496371,"0","0",307
"418","FEM_9","FEM_28","D",52,0,-1.34043806565017,-0.978983322645183,-0.244844131845214,"N",1.21654466361106,"0","0",5
"419","FEM_20","FEM_9","A",1966,0,-0.244324624221314,-0.698459218336641,-0.244844131845214,"N",0.177778236372676,"1","0",394
"420","FEM_9","FEM_20","B",1361,0,-0.702533726896845,-0.259275899684292,-0.244844131845214,"N",0.327171617173117,"0","0",215
"421","FEM_9","FEM_20","C",2225,0,-0.285812775560197,-0.439829678266815,-0.244844131845214,"N",0.00913158136831186,"0","0",410
"422","FEM_9","FEM_20","D",1175,0,-0.802577129721304,0.640194660312781,-0.244844131845214,"N",-0.257459195991609,"0","0",314
"423","FEM_20","FEM_9","E",1586,0,-0.543312840608212,0.543020899681947,-0.244844131845214,"N",-0.346858322654027,"0","0",305
"424","FEM_21","FEM_9","A",1706,0,-0.344991952552648,0.61899012936781,-0.244844131845214,"N",1.51971267364345,"1","0",83
"425","FEM_21","FEM_9","B",1926,0,-0.453770308214413,1.98817096185322,0.0140002959131577,"Y",1.54819955689231,"0","0",298
"426","FEM_9","FEM_21","C",3966,0,0.0668787998923104,0.353605649453123,0.940455292665343,"Y",1.15036283648334,"0","0",846
"427","FEM_21","FEM_9","D",985,0,-0.845443225740904,-0.841683326250692,-0.244844131845214,"N",1.42429584148653,"0","0",161
"428","FEM_9","FEM_21","E",1889,0,-0.51398731388546,0.587974610889921,-0.244844131845214,"N",1.49352238302634,"0","0",395
"429","FEM_22","FEM_9","E",2126,0,-0.184223740419919,0.233543649733171,-0.244844131845214,"N",1.21152353761941,"0","0",237
"430","FEM_9","FEM_23","A",3058,0,-0.0866293559073525,-0.978983322645183,-0.244844131845214,"N",-0.148674858562306,"1","0",182
"431","FEM_23","FEM_9","B",4012,0,0.541091787122824,-0.071277790926047,-0.244844131845214,"N",-0.167249045280279,"0","0",414
"432","FEM_23","FEM_9","C",4959,1,0.743763046921532,0.0102035920179591,-0.244844131845214,"N",-0.455714146481707,"0","0",1095
"433","FEM_23","FEM_9","D",1669,0,-0.502211804044047,0.010806203601671,-0.244844131845214,"N",-0.426009675811366,"0","0",469
"434","FEM_23","FEM_9","E",2317,1,-0.328572651932229,0.584871512004881,-0.244844131845214,"N",-0.152288863222637,"0","0",523
"435","FEM_11","FEM_10","A",4447,0,0.61802708287993,-0.633588019215291,-0.244844131845214,"N",-1.12984204515104,"1","0",512
"436","FEM_11","FEM_10","B",1986,0,-0.0736162594554692,0.532490141936908,1.73299277769311,"Y",-0.928006964505392,"0","0",234
"437","FEM_10","FEM_25","A",2389,0,-0.213583282124638,-0.300906653334966,-0.12653793633602,"Y",-0.783296055714528,"0","0",326
"438","FEM_10","FEM_25","B",595,0,-1.04418987404596,-0.978983322645183,-0.244844131845214,"N",-0.717370216528671,"0","0",33
"439","FEM_12","FEM_10","B",17,0,-1.27653985547078,-0.978983322645183,-0.244844131845214,"N",0.159674913119817,"0","0",0
"440","FEM_14","FEM_10","A",3452,0,0.00250302471836131,0.449876335650339,0.708352933873352,"Y",-0.576476307663812,"0","0",263
"441","FEM_10","FEM_14","B",1999,0,-0.13679666000267,0.456425730569952,-0.0778838732478227,"Y",-0.515983577410088,"0","0",231
"442","FEM_10","FEM_15","A",4991,0,0.388448799483253,-0.0132178140256797,-0.244844131845214,"N",-2.32390180940493,"0","0",824
"443","FEM_10","FEM_15","B",1814,0,-0.236289969632456,1.51328082759404,-0.244844131845214,"N",-2.15096437478395,"0","0",204
"444","FEM_16","FEM_10","A",718,0,2.76755289086933,-0.160268529329884,-0.244844131845214,"N",NA,"1","0",27
"445","FEM_16","FEM_10","B",1593,0,-0.204719706087297,1.55769038123337,-0.244844131845214,"N",-0.393436635106466,"1","0",61
"446","FEM_10","FEM_17","A",4778,1,0.473647363649245,-0.219811423389178,-0.205886738172489,"Y",-0.890081888290079,"0","0",495
"447","FEM_10","FEM_17","B",2011,1,-0.0210732271261001,3.3906688881888,1.10054492871283,"Y",-1.00815277965195,"0","0",172
"448","FEM_10","FEM_18","A",2572,0,-0.0458008290918022,-0.9062685219231,-0.244844131845214,"N",-0.416882934636052,"1","0",304
"449","FEM_18","FEM_10","B",1450,1,-0.355286807104474,2.58638755146983,2.94322161246102,"Y",-0.0129493833419266,"0","0",248
"450","FEM_19","FEM_10","A",4910,0,0.480683438372729,-0.532411617200474,-0.220495760799761,"Y",-1.994288034436,"0","0",792
"451","FEM_19","FEM_10","B",2344,1,-0.0272011918704881,2.91951225978301,0.623474511366734,"Y",-1.98503175719372,"0","0",533
"452","FEM_20","FEM_10","A",2630,0,-0.203800758512097,0.458759729030464,0.277755051569385,"Y",-1.47232430311533,"0","0",369
"453","FEM_10","FEM_20","B",710,0,-0.881380315570567,1.14070292306155,0.151400591469828,"Y",-1.21179087898207,"0","0",146
"454","FEM_21","FEM_10","A",2221,0,-0.372516176388472,0.57772790408109,-0.244844131845214,"N",-0.130389865844564,"0","0",142
"455","FEM_21","FEM_10","B",499,0,-1.12688554178833,-0.978983322645183,-0.244844131845214,"N",0.0092370607371257,"0","0",27
"456","FEM_10","FEM_23","A",4921,0,0.535482975508779,-0.138723403190008,-0.160265579792588,"Y",-1.79877739805032,"0","0",684
"457","FEM_10","FEM_23","B",2004,0,0.0380780137075065,0.136120802374764,-0.244844131845214,"N",-1.70621154143546,"0","0",337
"458","FEM_11","FEM_25","A",3776,0,0.603189026151794,0.844134155252802,-0.244844131845214,"N",0.25521309829717,"1","0",291
"459","FEM_11","FEM_25","B",2117,0,-0.153590428196901,-0.459731322857963,-0.244844131845214,"N",0.177099148886725,"0","0",298
"460","FEM_11","FEM_25","C",318,0,-0.27228332836217,2.92195186903359,-0.244844131845214,"N",-0.164480057639296,"0","0",68
"461","FEM_12","FEM_11","B",1788,0,0.730136788378975,-0.194179792958328,-0.130738156294926,"Y",0.957520858832283,"0","0",169
"462","FEM_12","FEM_11","C",8276,0,1.63400477935134,1.50276641170272,0.172690404190042,"Y",0.775596489600859,"0","0",1247
"463","FEM_11","FEM_12","D",5950,0,1.40972963734085,1.97101215148912,-0.0389660905498543,"Y",0.499880204742454,"0","0",2248
"464","FEM_12","FEM_11","E",4460,2,1.11145386323314,1.19666973817842,-0.0564964021051817,"Y",0.226766977991633,"0","0",1331
"465","FEM_13","FEM_11","E",496,0,-0.492450673025617,-0.0793490439440694,0.539966153480314,"Y",0.64611216915372,"0","0",172
"466","FEM_26","FEM_11","C",2231,0,2.66260016040372,-0.231461120052953,-0.244844131845214,"N",-0.0832054281949023,"0","0",207
"467","FEM_11","FEM_26","D",3592,0,0.220004494705134,-0.357549202417908,-0.244844131845214,"N",-0.00412674350477429,"0","0",747
"468","FEM_11","FEM_26","E",5220,0,0.92638588918102,1.27593477075093,0.173361142400541,"Y",-0.05724269934461,"0","0",1245
"469","FEM_14","FEM_11","A",4244,0,0.272327185296571,-0.845818868310767,-0.244844131845214,"N",0.462032846347887,"1","0",166
"470","FEM_14","FEM_11","B",2844,0,-0.166580421347123,-0.508657803081075,0.165451822793056,"Y",0.378485788005309,"0","0",282
"471","FEM_14","FEM_11","C",5371,0,0.508933763597872,-0.30012575889814,-0.244844131845214,"N",-0.0802705110205214,"0","0",521
"472","FEM_14","FEM_11","D",3962,0,0.380423491640661,0.0210183177613608,-0.130058954059507,"Y",-0.32002573317417,"0","0",840
"473","FEM_11","FEM_14","E",5016,1,0.902723532310528,0.0397826506019413,-0.194538280015652,"Y",-0.584173213575763,"0","0",1150
"474","FEM_11","FEM_15","A",6345,0,0.940872309469759,-0.799993043944672,-0.244844131845214,"N",-1.28539265539323,"1","0",494
"475","FEM_11","FEM_15","B",2614,0,-0.252065768780665,-0.476590154019886,-0.244844131845214,"N",-1.25649500936855,"0","0",220
"476","FEM_15","FEM_11","C",5900,0,0.693613616580501,-0.467704288452364,-0.244844131845214,"N",-1.44229784279282,"0","0",735
"477","FEM_15","FEM_11","D",2394,0,0.0310925601718248,-0.781261503150433,-0.244844131845214,"N",-1.4656476441209,"0","0",559
"478","FEM_16","FEM_11","A",451,0,1.26208811704673,-0.978983322645183,-0.244844131845214,"N",NA,"2","0",29
"479","FEM_16","FEM_11","B",2731,0,-0.0668198140656681,-0.412180773426899,-0.244844131845214,"N",0.501032730308931,"1","0",117
"480","FEM_16","FEM_11","C",5443,0,0.629308248218993,1.43878380136406,-0.110928091095223,"Y",0.0870197679191894,"0","0",576
"481","FEM_16","FEM_11","D",2073,0,-0.629941719424423,0.142778140434585,-0.244844131845214,"N",-0.00641274666750135,"0","0",335
"482","FEM_16","FEM_11","E",1756,0,-0.642336678173001,-0.242140008661414,-0.244844131845214,"N",-0.369698496986391,"0","0",240
"483","FEM_11","FEM_17","A",4688,0,0.291009014117622,-0.423573789491588,-0.244844131845214,"N",0.14842726572162,"1","0",199
"484","FEM_17","FEM_11","B",2306,0,-0.424600244841594,-0.252518083506256,-0.0637745556198741,"Y",-0.11368341423655,"0","0",213
"485","FEM_11","FEM_17","C",5513,0,0.516072635017299,-0.258158341574104,-0.244844131845214,"N",-0.336962882349065,"0","0",368
"486","FEM_11","FEM_17","D",2771,0,-0.385320747019063,-0.243307747669312,-0.214283260422078,"Y",-0.688668108281274,"0","0",631
"487","FEM_11","FEM_17","E",2464,0,-0.475125855715645,-0.447925078332557,-0.244844131845214,"N",-1.04179452991961,"0","0",333
"488","FEM_11","FEM_18","A",2592,0,-0.170842903869195,-0.342859598342648,-0.244844131845214,"N",0.621626219375646,"2","0",139
"489","FEM_18","FEM_11","B",2016,0,-0.331023167943916,0.115338430796058,0.264302003283464,"Y",0.88151998207347,"0","0",303
"490","FEM_11","FEM_18","C",1592,0,-0.857127489959688,-0.284576011037442,-0.244844131845214,"N",0.664295399833953,"0","0",191
"491","FEM_18","FEM_11","D",673,0,-0.806913897545281,-0.403324483595363,-0.244844131845214,"N",0.908967440986549,"0","0",384
"492","FEM_11","FEM_19","A",5553,0,0.675588633616742,-0.305414642272208,-0.244844131845214,"N",-0.955778880424297,"1","0",361
"493","FEM_11","FEM_19","B",3349,2,-0.0765701161171678,0.637069898624702,-0.244844131845214,"N",-1.09056239177832,"0","0",383
"494","FEM_11","FEM_19","C",6779,0,0.895687072043225,0.990060155059343,0.451969418006839,"Y",-1.27749095530836,"0","0",1190
"495","FEM_19","FEM_11","D",5065,1,0.641214554810675,1.14555346366957,0.211144583568943,"Y",-1.33764010274598,"0","0",1311
"496","FEM_11","FEM_19","E",3869,1,0.329185460808771,0.711226977797346,0.622498141078265,"Y",-1.39827408517711,"0","0",667
"497","FEM_11","FEM_28","C",3805,0,1.35521318350822,-0.146566189692808,-0.244844131845214,"N",0.473200125569022,"0","0",239
"498","FEM_11","FEM_28","D",476,0,-0.260323714539807,0.545520085597098,-0.244844131845214,"N",0.557317113673197,"0","0",116
"499","FEM_11","FEM_20","A",3868,0,0.442162748602911,-0.556781150921877,-0.244844131845214,"N",-0.433815149103635,"1","0",733
"500","FEM_20","FEM_11","B",1644,0,-0.429311739787159,-0.102858650530335,-0.244844131845214,"N",-0.31732151356667,"0","0",328
"501","FEM_20","FEM_11","C",2868,0,-0.222970390112864,-0.689394247280383,-0.244844131845214,"N",-0.647838339973872,"0","0",458
"502","FEM_11","FEM_20","D",3234,0,-0.0365276341823146,0.462666639496974,-0.244844131845214,"N",-0.988930860991153,"0","0",920
"503","FEM_20","FEM_11","E",2548,0,-0.113176517515787,-0.351882629893039,-0.244844131845214,"N",-1.19008260313961,"0","0",564
"504","FEM_21","FEM_11","A",4230,1,0.853869239908203,0.364803876109411,3.74088799892655,"Y",0.908119288167134,"1","0",329
"505","FEM_11","FEM_21","B",3448,0,0.851842691296928,2.36216854643102,0.770098492786296,"Y",0.903706426152523,"0","0",741
"506","FEM_11","FEM_21","C",8170,1,1.95506227472987,1.42984220109465,0.312427194863959,"Y",0.493392915141158,"0","0",1661
"507","FEM_11","FEM_21","D",3450,1,0.263704163707419,-0.109098854747678,-0.244844131845214,"N",0.692824176486983,"0","0",864
"508","FEM_21","FEM_11","E",2691,0,-0.234327911920564,0.307389384769054,-0.244844131845214,"N",0.650298102540752,"0","0",653
"509","FEM_11","FEM_22","E",3616,0,0.667079892428637,-0.473941332392687,-0.244844131845214,"N",0.368299257133827,"0","0",569
"510","FEM_11","FEM_23","A",4836,1,0.350798172136339,-0.105256072862057,-0.0924021566041176,"Y",-0.760268244038617,"1","0",253
"511","FEM_23","FEM_11","B",2786,0,-0.161494904043717,0.295097335540009,-0.244844131845214,"N",-0.811742176020066,"0","0",347
"512","FEM_23","FEM_11","C",5039,0,0.354267179284554,-0.12052509276118,-0.120029181243281,"Y",-1.11268406782389,"0","0",618
"513","FEM_23","FEM_11","D",2790,0,-0.337813128928154,-0.104564832949254,-0.18381910061737,"Y",-1.15748134081091,"0","0",632
"514","FEM_11","FEM_23","E",2477,0,-0.432611784621775,-0.461900295288152,-0.207253664266269,"Y",-0.995513143708223,"0","0",513
"515","FEM_25","FEM_12","B",1104,0,0.0118001209940694,-0.604317230789029,-0.244844131845214,"N",1.21398746730126,"0","0",177
"516","FEM_12","FEM_25","C",363,0,-0.221492135666372,-0.978983322645183,0.526512262874734,"Y",1.03522377810378,"0","0",25
"517","FEM_25","FEM_14","A",2295,0,-0.427035524911223,-0.295314268433438,-0.244844131845214,"N",0.808578835784399,"0","0",97
"518","FEM_25","FEM_14","B",1327,0,-0.76999394705732,-0.978983322645183,-0.244844131845214,"N",0.589122535982029,"0","0",150
"519","FEM_25","FEM_14","C",167,0,-1.03944345394904,3.44207656125743,-0.244844131845214,"N",0.211189340681458,"0","0",10
"520","FEM_25","FEM_15","A",3052,0,-0.312763410001108,-0.476590154019886,-0.244844131845214,"N",-0.938846665956715,"0","0",176
"521","FEM_25","FEM_15","B",1387,0,-0.690993075300128,-0.68026306021933,-0.244844131845214,"N",-1.04585826139183,"0","0",148
"522","FEM_15","FEM_25","C",156,0,-1.07769875537147,-0.978983322645183,-0.244844131845214,"N",-1.16099731977139,"0","0",19
"523","FEM_25","FEM_16","A",366,1,0.601801295131369,-0.978983322645183,-0.244844131845214,"N",NA,"1","0",0
"524","FEM_25","FEM_16","B",2026,0,-0.0618132604761331,-0.138020844728925,-0.244844131845214,"N",0.711669478285652,"1","0",184
"525","FEM_25","FEM_16","C",179,0,-0.870454846312168,-0.978983322645183,-0.244844131845214,"N",0.375996228165923,"0","0",13
"526","FEM_17","FEM_25","A",2435,0,-0.497900963255046,-0.816444356325234,-0.244844131845214,"N",0.494973255158132,"0","0",136
"527","FEM_25","FEM_17","B",1051,0,-0.915887328300253,-0.189508343376859,-0.244844131845214,"N",0.0969533337401704,"0","0",56
"528","FEM_25","FEM_17","C",137,0,-1.15122600182539,-0.978983322645183,-0.244844131845214,"N",-0.0150250446054389,"0","0",10
"529","FEM_18","FEM_25","A",1401,1,-0.6092343925624,-0.229651138932875,-0.244844131845214,"N",0.968172208812159,"1","0",59
"530","FEM_25","FEM_18","B",1117,0,-0.62231601930237,-0.434517819701511,-0.244844131845214,"N",1.09215673005019,"0","0",203
"531","FEM_18","FEM_25","C",63,0,-1.27887228778783,-0.978983322645183,-0.244844131845214,"N",0.870416890619319,"0","0",5
"532","FEM_19","FEM_25","A",2968,0,-0.265108632019216,-0.773352630370643,-0.244844131845214,"N",-0.609232890987785,"0","0",215
"533","FEM_19","FEM_25","B",1742,0,-0.647717194525456,-0.319123638480614,0.0429754184234232,"Y",-0.8799256438016,"0","0",134
"534","FEM_25","FEM_19","C",231,0,-0.922773813311659,-0.978983322645183,-0.244844131845214,"N",-0.996190432286926,"0","0",29
"535","FEM_25","FEM_20","A",2666,1,0.169244207911729,0.335572824368114,-0.244844131845214,"N",-0.087269159667122,"0","0",639
"536","FEM_20","FEM_25","B",1228,0,-0.24808561809128,0.288704099262377,-0.106608218812965,"Y",-0.10668476558995,"0","0",279
"537","FEM_25","FEM_20","C",231,0,-0.688555737032758,2.77474676746081,-0.244844131845214,"N",-0.336962882349065,"0","0",53
"538","FEM_25","FEM_21","A",3046,0,0.680258149067544,0.681777514572121,-0.244844131845214,"N",1.25466527760365,"0","0",386
"539","FEM_21","FEM_25","B",1975,0,0.297436438634353,0.184453488908137,-0.244844131845214,"N",1.11434317412924,"0","0",437
"540","FEM_21","FEM_25","C",401,0,0.0146263541438942,0.172334355454456,-0.244844131845214,"N",0.705610003134853,"0","0",96
"541","FEM_23","FEM_25","A",2403,0,-0.522708473783435,-0.238023565566532,-0.244844131845214,"N",-0.413722254602104,"0","0",179
"542","FEM_23","FEM_25","B",1185,0,-0.838583840822938,-0.487754446656003,-0.244844131845214,"N",-0.601105428043345,"0","0",180
"543","FEM_25","FEM_23","C",188,0,-0.979419609752653,-0.978983322645183,-0.244844131845214,"N",-0.831383544802461,"0","0",24
"544","FEM_12","FEM_13","E",398,0,-0.671631789112699,1.06780366064306,1.18359363615469,"Y",0.914769972039356,"0","0",54
"545","FEM_26","FEM_12","C",2304,0,2.81504546810551,0.104609786154477,-0.150315161904044,"Y",1.07857024714079,"0","0",204
"546","FEM_12","FEM_26","D",3613,1,0.233602730145537,-0.504733752262304,-0.175890938038306,"Y",0.947596329832372,"0","0",839
"547","FEM_26","FEM_12","E",4253,0,0.494653821964176,1.09044896343689,-0.0479020736188444,"Y",0.486620029354125,"0","0",1175
"548","FEM_12","FEM_14","B",1952,0,0.936327296337903,-0.09477134586466,-0.0134372134292297,"Y",1.45645677847703,"0","0",250
"549","FEM_14","FEM_12","C",6117,0,0.81675622123929,0.410492640867067,-0.171381618062362,"Y",1.10046924451887,"0","0",1050
"550","FEM_12","FEM_14","D",3830,2,0.299038237928981,-0.0108680196008147,-0.083977313342618,"Y",0.631697340162977,"0","0",959
"551","FEM_14","FEM_12","E",4318,1,0.633447242041309,-0.186448362837059,-0.207472213496379,"Y",-0.0403104848770278,"0","0",1032
"552","FEM_12","FEM_15","B",1898,0,0.884002778131978,-0.179996596638686,-0.244844131845214,"N",-0.169938861849114,"0","0",166
"553","FEM_12","FEM_15","C",6518,0,0.933450918982991,0.151401306761736,-0.182234034871192,"Y",-0.261558087253433,"0","0",1232
"554","FEM_12","FEM_15","D",2706,0,0.202741472702874,-0.208486107301578,-0.244844131845214,"N",-0.513924570783757,"0","0",832
"555","FEM_16","FEM_12","B",2041,0,0.912763678402107,-0.108695943924196,0.666206728060236,"Y",1.4636811899832,"1","0",127
"556","FEM_12","FEM_16","C",6735,1,1.26368640314999,3.61075941397066,0.850249241315315,"Y",1.26775952345858,"0","0",1127
"557","FEM_16","FEM_12","D",2462,1,-0.427029245243944,2.15377407916479,0.0929313594732344,"Y",0.945310326669645,"0","0",628
"558","FEM_12","FEM_16","E",1884,0,-0.469193189921202,-0.0621736693013227,-0.244844131845214,"N",0.174164231712345,"0","0",434
"559","FEM_12","FEM_17","B",1666,0,0.483786293763806,-0.283848120773703,-0.244844131845214,"N",0.962036116023638,"0","0",159
"560","FEM_12","FEM_17","C",6362,1,0.869797602316199,0.533665471225074,-0.0349104318825533,"Y",0.843776873190322,"0","0",643
"561","FEM_12","FEM_17","D",3471,0,-0.022993479032667,0.57226575942591,0.79426379337276,"Y",0.263054965055873,"0","0",798
"562","FEM_17","FEM_12","E",2307,0,-0.474505038753198,-0.321798745308308,-0.244844131845214,"N",-0.497931801220878,"0","0",370
"563","FEM_12","FEM_18","B",762,1,-0.49160451206362,1.23154661930612,1.49070775627467,"Y",1.99332085852917,"0","0",100
"564","FEM_18","FEM_12","C",2058,0,-0.658987602206157,2.19571393441255,0.319312805782407,"Y",1.84503515537334,"0","0",376
"565","FEM_18","FEM_12","D",478,0,-1.06317839405081,1.35373671659992,1.49942912254663,"Y",1.8606905143237,"0","0",199
"566","FEM_19","FEM_12","B",1956,0,0.660485258330868,0.569795617575478,-0.244844131845214,"N",-0.00513197436464855,"0","0",157
"567","FEM_12","FEM_19","C",6455,0,0.671947712894279,0.586547797716933,-0.135586852139839,"Y",-0.0967511997689681,"0","0",1059
"568","FEM_19","FEM_12","D",4781,2,0.482066433460586,1.28123946064078,-0.063052378194755,"Y",-0.385917029408836,"0","0",1379
"569","FEM_19","FEM_12","E",3330,0,0.141729197053326,0.142959171898005,-0.0332237217711543,"Y",-0.854411356478373,"0","0",729
"570","FEM_28","FEM_12","C",3549,0,0.92971902166461,-0.255701542047618,-0.244844131845214,"N",1.63497580090472,"0","0",489
"571","FEM_28","FEM_12","D",416,0,-0.558539224647306,-0.827577162237559,-0.244844131845214,"N",1.44934564948392,"0","0",146
"572","FEM_12","FEM_20","B",1031,0,0.0442661884891663,0.871692907825679,-0.244844131845214,"N",0.719566804847863,"0","0",215
"573","FEM_20","FEM_12","C",3036,0,-0.183675787499898,-0.115788268912075,-0.081143708517551,"Y",0.532901415565516,"0","0",589
"574","FEM_12","FEM_20","D",3091,0,-0.117416885572036,1.6669175871986,0.762367700215653,"Y",-0.0372077876540061,"0","0",919
"575","FEM_12","FEM_20","E",2557,0,0.0467996998940419,0.763306286774567,-0.0865197486925153,"Y",-0.646219874440878,"0","0",609
"576","FEM_12","FEM_21","B",1588,0,0.546557791949912,1.66308433705757,-0.091187479510563,"Y",1.91791606343354,"0","0",251
"577","FEM_12","FEM_21","C",7045,1,1.17980032257435,1.50461208272364,0.810099172698243,"Y",1.67413267068055,"0","0",1700
"578","FEM_12","FEM_21","D",3171,0,0.0819738806171416,1.25387520457836,0.217774918018391,"Y",1.64454724982413,"0","0",792
"579","FEM_21","FEM_12","E",2136,1,-0.459401673555525,0.44614343076182,0.00380227046422472,"Y",1.19416083123949,"0","0",698
"580","FEM_22","FEM_12","E",2933,0,0.253552498401375,-0.427881675067295,-0.244844131845214,"N",0.912161985832562,"0","0",722
"581","FEM_12","FEM_23","B",2101,0,0.983177345580177,-0.011876473041486,-0.244844131845214,"N",0.225146142394467,"0","0",320
"582","FEM_23","FEM_12","C",5631,0,0.579286372799381,0.262887431260046,-0.244844131845214,"N",0.0680556877154971,"0","0",712
"583","FEM_12","FEM_23","D",3033,0,-0.210502802734065,0.635851862221843,-0.244844131845214,"N",-0.205758267473763,"0","0",616
"584","FEM_12","FEM_23","E",2377,0,-0.396547290663199,-0.282143761259482,-0.244844131845214,"N",-0.451650415009488,"0","0",571
"585","FEM_13","FEM_26","E",1076,0,0.914803847549039,3.07831846954393,6.04073408462271,"Y",0.871875028721481,"0","1",316
"586","FEM_14","FEM_13","E",1155,0,1.12486592905615,-0.264135331466899,-0.196874206800441,"Y",0.324625857129229,"0","1",402
"587","FEM_13","FEM_16","E",207,0,-0.895607721149043,2.64483625432417,11.7680833269081,"Y",0.473177818724815,"0","0",61
"588","FEM_13","FEM_17","E",448,0,-0.747731982915819,-0.147957028678526,-0.244844131845214,"N",-0.249714857611154,"0","0",133
"589","FEM_13","FEM_19","E",442,0,-0.620396908495174,3.06466901019257,-0.244844131845214,"N",-0.479089922931999,"0","0",82
"590","FEM_13","FEM_20","E",175,0,-0.975668421549683,1.03058935185601,-0.244844131845214,"N",-0.227513846341474,"0","0",44
"591","FEM_13","FEM_21","E",486,0,-0.587999378917008,-0.715824996222408,-0.244844131845214,"N",1.48775610962233,"0","0",84
"592","FEM_22","FEM_13","E",478,0,-0.536512081275931,0.0412612659477282,-0.244844131845214,"N",1.47150118373345,"0","0",65
"593","FEM_23","FEM_13","E",234,0,-1.04351771582512,0.813338251909931,-0.244844131845214,"N",-0.0131153807841412,"0","0",37
"594","FEM_14","FEM_26","C",2074,1,3.23867045051451,-0.250237187935961,-0.244844131845214,"N",0.190870683320359,"0","1",273
"595","FEM_14","FEM_26","D",6706,1,3.51629321366931,2.60473737583481,0.846885196759961,"Y",0.127690391915748,"0","1",1943
"596","FEM_26","FEM_14","E",8655,1,3.03602936168188,3.53267962872344,4.72332336237778,"Y",-0.324320162213271,"0","1",2391
"597","FEM_15","FEM_26","C",2720,0,4.89885050044779,4.03326480154673,2.44593398927088,"Y",-1.16099731977139,"0","1",344
"598","FEM_26","FEM_15","D",4669,1,3.794654575458,3.40454178965365,2.69042656364761,"Y",-1.01793151903098,"0","1",1649
"599","FEM_26","FEM_16","C",1962,0,2.09283393513325,-0.445038892222162,-0.0585261621060962,"Y",0.360644353715315,"0","0",207
"600","FEM_26","FEM_16","D",2469,0,-0.223776544436259,-0.482235021083091,-0.172619750317129,"Y",0.441303378422417,"0","0",267
"601","FEM_16","FEM_26","E",2411,0,-0.45928199935917,-0.6605942363559,-0.244844131845214,"N",-0.109845445623899,"0","0",486
"602","FEM_17","FEM_26","C",2221,0,2.47927533078441,-0.112108835605455,0.00723312133123949,"Y",-0.0962996740498328,"0","0",153
"603","FEM_26","FEM_17","D",2946,0,-0.0935919413748183,-0.173323207127622,-0.244844131845214,"N",-0.240951983191355,"0","0",439
"604","FEM_26","FEM_17","E",3604,0,-0.105935085702963,-0.60987813753272,-0.244844131845214,"N",-0.781941478557121,"0","0",539
"605","FEM_26","FEM_18","C",879,0,0.274648612731692,-0.404819701359129,0.756917419739133,"Y",1.02077495509145,"0","0",154
"606","FEM_18","FEM_26","D",273,0,-1.16205467332687,0.272260040723482,-0.0629204538452263,"Y",1.35668356607647,"0","0",106
"607","FEM_26","FEM_19","C",2367,0,2.7571396609124,-0.493152566172368,-0.244844131845214,"N",-0.996190432286926,"0","0",182
"608","FEM_19","FEM_26","D",3997,1,0.317223888674327,0.127484330562218,0.00695882617000287,"Y",-0.889923977656064,"0","0",919
"609","FEM_26","FEM_19","E",4967,0,0.63707894609468,0.793929016584799,-0.186111411435066,"Y",-1.13842103381462,"0","0",985
"610","FEM_28","FEM_26","C",1716,0,1.69008501806343,0.780642501793669,-0.244844131845214,"N",0.713863333868255,"0","0",201
"611","FEM_26","FEM_28","D",431,0,-0.171695930671654,-0.412180773426899,-0.244844131845214,"N",0.866217454695992,"0","0",195
"612","FEM_26","FEM_20","C",1695,0,1.75731180256594,-0.48556146060248,0.0134225181726256,"Y",-0.396112751555819,"0","0",224
"613","FEM_20","FEM_26","D",2839,0,-0.0289557465869709,0.760450074300108,1.01967454802355,"Y",-0.541214735901235,"0","0",610
"614","FEM_20","FEM_26","E",2810,0,-0.217977540387232,1.00570300294577,-0.185141624513949,"Y",-0.930229551777121,"0","0",646
"615","FEM_26","FEM_21","C",1764,0,1.84325807090404,-0.535101808197129,-0.244844131845214,"N",0.843776873190323,"0","0",249
"616","FEM_26","FEM_21","D",2627,0,-0.000630379917115594,-0.618570832109644,-0.14004027386696,"Y",1.1405403015769,"0","0",368
"617","FEM_26","FEM_21","E",3350,0,-0.107188798753516,0.170221845953356,-0.126899728982837,"Y",0.910151153903244,"0","0",654
"618","FEM_26","FEM_22","E",3624,0,0.47352173920128,-0.578524999827917,-0.14004027386696,"Y",0.628152308496319,"0","0",552
"619","FEM_23","FEM_26","C",2089,0,2.31043754492365,0.0736499830459157,0.25603664394696,"Y",-0.831383544802461,"0","0",231
"620","FEM_26","FEM_23","D",2969,0,-0.0234176380435868,-0.263192674775236,-0.244844131845214,"N",-0.709765215720991,"0","0",525
"621","FEM_23","FEM_26","E",3261,0,-0.231863262987387,-0.0232451329591225,-0.244844131845214,"N",-0.735660092345731,"0","0",717
"622","FEM_14","FEM_15","A",8914,3,2.42389381816494,3.40240962918326,4.72556004294074,"Y",-0.732026917905999,"0","1",1226
"623","FEM_15","FEM_14","B",7666,0,4.18806752983514,3.07784151400409,3.65576490963634,"Y",-0.84447162227325,"0","1",1760
"624","FEM_15","FEM_14","C",10127,0,4.46695015514134,3.16413173555039,3.16488452850819,"Y",-1.11742508787481,"0","1",2545
"625","FEM_15","FEM_14","D",5069,2,4.61407178976097,4.49013320040205,2.17063526155835,"Y",-1.33383050870038,"0","1",1932
"626","FEM_16","FEM_14","A",684,0,2.49568535777708,-0.978983322645183,-0.244844131845214,"N",NA,"1","0",0
"627","FEM_16","FEM_14","B",3224,0,0.210891575345078,-0.323317661896914,-0.244844131845214,"N",0.913056117404235,"1","0",236
"628","FEM_14","FEM_16","C",4838,0,0.595051672038035,-0.667013371160119,-0.244844131845214,"N",0.411892522837197,"0","0",496
"629","FEM_16","FEM_14","D",2551,2,-0.226451933271549,-0.153718810983361,-0.244844131845214,"N",0.125404388753021,"0","0",375
"630","FEM_14","FEM_16","E",2536,1,-0.341186541291702,-0.533536482957262,-0.244844131845214,"N",-0.636775959855052,"0","0",397
"631","FEM_17","FEM_14","A",6505,0,1.23702327718856,1.00570300294577,0.0536684048111125,"Y",0.701793003208849,"0","0",323
"632","FEM_14","FEM_17","B",3859,0,0.502785846323605,-0.317478103108632,-0.244844131845214,"N",0.298339972858754,"0","0",401
"633","FEM_17","FEM_14","C",5503,0,0.803109929812724,-0.345040820589322,-0.148665030259186,"Y",-0.012090127431058,"0","0",802
"634","FEM_14","FEM_17","D",2993,0,-0.120503893311707,-0.351882629893039,0.165451822793056,"Y",-0.556850972860751,"0","0",564
"635","FEM_17","FEM_14","E",3608,0,-0.047889625943495,-0.528620685914866,-0.244844131845214,"N",-1.30887199278827,"0","0",589
"636","FEM_18","FEM_14","A",2583,1,-0.215014517660614,1.00059572984852,-0.244844131845214,"N",1.17499195686288,"1","0",134
"637","FEM_14","FEM_18","B",1854,0,-0.485636497889299,-0.629215926766811,0.365406180433225,"Y",1.29354336916877,"0","0",316
"638","FEM_18","FEM_14","C",1722,0,-0.66289954354347,-0.38687708819394,-0.244844131845214,"N",0.989168154751961,"0","0",336
"639","FEM_18","FEM_14","D",228,0,-1.22140489694,-0.338250006137558,-0.244844131845214,"N",1.04078457640707,"0","0",138
"640","FEM_14","FEM_19","A",6822,0,1.34779970302722,0.0447612473837245,-0.244844131845214,"N",-0.402413142937069,"0","0",583
"641","FEM_14","FEM_19","B",4489,0,0.521836682905497,0.157860647501204,-0.0244565904966575,"Y",-0.678539004683017,"0","0",700
"642","FEM_19","FEM_14","C",5704,0,0.644925396179202,0.0659100322687753,-0.224587924000677,"Y",-0.952618200390349,"0","0",952
"643","FEM_19","FEM_14","D",4526,1,0.564697529160479,0.281775199380278,-0.208182706240654,"Y",-1.20582296732546,"0","0",1052
"644","FEM_19","FEM_14","E",4683,0,0.559423844535823,-0.270636711412167,-0.180919568746876,"Y",-1.66535154804577,"0","0",905
"645","FEM_14","FEM_28","C",3582,0,1.41570553299252,-0.362311879611556,-0.244844131845214,"N",0.747276237084283,"0","0",466
"646","FEM_28","FEM_14","D",425,0,-0.184613517379687,-0.709406500455999,-0.244844131845214,"N",0.742837435103797,"0","0",164
"647","FEM_20","FEM_14","A",3422,0,0.0903519300218535,-0.372870274045631,-0.182637970980702,"Y",0.119550588383594,"0","0",620
"648","FEM_20","FEM_14","B",1641,0,-0.477973335375698,0.477812914170865,-0.244844131845214,"N",0.0947018735286336,"0","0",349
"649","FEM_20","FEM_14","C",2887,0,0.0311498878680699,-0.669818295798846,-0.244844131845214,"N",-0.322965585055864,"0","0",572
"650","FEM_14","FEM_20","D",2825,0,-0.0987215867886228,0.400062879673064,-0.174077490127788,"Y",-0.857113725570631,"0","0",545
"651","FEM_20","FEM_14","E",2997,0,-0.0426655089111623,0.326447745436298,-0.244844131845214,"N",-1.45716006600827,"0","0",762
"652","FEM_14","FEM_21","A",2675,0,-0.255710709404361,0.0207538370312878,-0.244844131845214,"N",1.46148502565436,"0","0",199
"653","FEM_21","FEM_14","B",1931,0,-0.430353816921397,-0.452666669799634,-0.244844131845214,"N",1.31572981324783,"0","0",252
"654","FEM_21","FEM_14","C",4405,0,0.175730897775767,-0.407553813841444,-0.192370907714605,"Y",0.818265670059166,"0","0",735
"655","FEM_14","FEM_21","D",2763,0,0.0260020073098231,-0.340101836532088,-0.244844131845214,"N",0.824641311907505,"0","0",519
"656","FEM_21","FEM_14","E",2928,0,-0.272583366674835,-0.547660407142489,-0.244844131845214,"N",0.383220639672091,"0","0",615
"657","FEM_14","FEM_22","E",3711,0,0.503097150313647,-0.807624412416399,-0.244844131845214,"N",0.101221794265166,"0","0",645
"658","FEM_14","FEM_23","A",6694,1,1.32700856484975,0.915756627598795,-0.171381618062362,"Y",-0.206902506551388,"0","0",525
"659","FEM_14","FEM_23","B",4075,0,0.619818127903492,0.492570618451201,-0.244844131845214,"N",-0.399718788924762,"0","0",691
"660","FEM_14","FEM_23","C",5438,0,0.860366885731453,-0.121839059439574,-0.244844131845214,"N",-0.787811312905883,"0","0",980
"661","FEM_23","FEM_14","D",2990,1,-0.0695814469023742,0.393798010732221,-0.244844131845214,"N",-1.02566420539039,"0","0",628
"662","FEM_14","FEM_23","E",3185,0,-0.218542987187544,-0.356760079725556,-0.130569110405222,"Y",-1.26259060657688,"0","0",675
"663","FEM_15","FEM_16","A",712,0,2.53545811614446,0.126281648330471,-0.244844131845214,"N",NA,"1","0",20
"664","FEM_16","FEM_15","B",3135,0,0.223340415015527,-0.799993043944672,-0.244844131845214,"N",-0.721924679969628,"1","0",247
"665","FEM_15","FEM_16","C",5082,0,0.641972020924103,-0.401066997952031,-0.244844131845214,"N",-0.950134808935103,"0","0",612
"666","FEM_16","FEM_15","D",1756,0,-0.243259648768481,-0.347403339230524,-0.244844131845214,"N",-1.02021752219371,"0","0",210
"667","FEM_17","FEM_15","A",8224,3,1.5765708919606,0.808736656083089,-0.195334735521726,"Y",-1.04563249853227,"0","0",779
"668","FEM_17","FEM_15","B",3717,0,0.487066317198782,-0.493637427206772,-0.244844131845214,"N",-1.33664082451511,"0","0",501
"669","FEM_17","FEM_15","C",5901,0,0.930382637443501,-0.159184138875162,-0.244844131845214,"N",-1.37411745920336,"0","0",755
"670","FEM_15","FEM_17","D",2111,0,-0.10867456874319,-0.628105554081483,-0.244844131845214,"N",-1.70247288380748,"0","0",378
"671","FEM_18","FEM_15","A",3323,0,-0.151186998138544,-0.978983322645183,-0.244844131845214,"N",-0.57243354487824,"1","0",175
"672","FEM_18","FEM_15","B",1684,0,-0.554364385351914,-0.259275899684292,-0.244844131845214,"N",-0.341437428205089,"0","0",215
"673","FEM_15","FEM_18","C",1924,0,-0.592550544506947,-0.64657280505852,-0.244844131845214,"N",-0.372859177020339,"0","0",399
"674","FEM_18","FEM_15","D",230,0,-1.21097389656499,-0.794772494149241,-0.244844131845214,"N",-0.104837334539661,"0","0",120
"675","FEM_19","FEM_15","A",9403,3,2.16005376933519,1.22629595436087,-0.137965771531682,"Y",-2.14983864467818,"0","0",1263
"676","FEM_15","FEM_19","B",4221,0,0.431624027840453,-0.116719870110985,-0.210652802292025,"Y",-2.31351980205688,"0","0",564
"677","FEM_15","FEM_19","C",6325,0,0.876751957377218,0.288199446626267,-0.227297353075424,"Y",-2.31464553216265,"0","0",1099
"678","FEM_19","FEM_15","D",2953,1,0.283322361267081,0.70806534236816,-0.20155813887552,"Y",-2.35144487827219,"0","0",891
"679","FEM_28","FEM_15","C",3557,0,1.15483102296798,-0.513985114791348,-0.244844131845214,"N",-0.604591766007467,"0","0",618
"680","FEM_15","FEM_28","D",425,0,-0.157144499004502,-0.870624011765217,-0.244844131845214,"N",-0.501769769833531,"0","0",204
"681","FEM_15","FEM_20","A",4412,0,0.239611347366374,-0.156015465468506,-0.244844131845214,"N",-1.62787491335752,"0","0",1155
"682","FEM_20","FEM_15","B",1633,0,-0.427896413175268,-0.359208572565377,-0.244844131845214,"N",-1.54027892384523,"0","0",321
"683","FEM_20","FEM_15","C",2927,0,-0.0248629356009142,-0.593017777225113,-0.244844131845214,"N",-1.68499291682816,"0","0",630
"684","FEM_15","FEM_20","D",1848,0,-0.249933545326978,0.622101448394315,-0.244844131845214,"N",-2.00273563651736,"0","0",428
"685","FEM_21","FEM_15","A",3556,0,-0.106775184666513,-0.978983322645183,-0.244844131845214,"N",-0.285940476086752,"0","0",237
"686","FEM_15","FEM_21","B",1955,0,-0.361099409363894,1.03058935185601,-0.244844131845214,"N",-0.319250984126036,"0","0",319
"687","FEM_21","FEM_15","C",4550,0,0.179932278847663,-0.722487232334377,-0.244844131845214,"N",-0.543761661713134,"0","0",948
"688","FEM_21","FEM_15","D",1598,0,-0.246041683960845,-0.722689996042133,-0.244844131845214,"N",-0.320980599039227,"0","0",345
"689","FEM_15","FEM_23","A",8395,5,1.64810423329218,1.26182785138765,-0.227233255253434,"Y",-1.9543280082925,"0","0",1095
"690","FEM_15","FEM_23","B",3884,0,0.572347305306636,0.787004785249801,-0.244844131845214,"N",-2.03469958629863,"0","0",726
"691","FEM_15","FEM_23","C",5845,0,0.996564678998398,0.407695976733866,-0.19740523918101,"Y",-2.14983864467818,"0","0",813
"692","FEM_15","FEM_23","D",1871,0,-0.21427709314737,-0.122188771501265,-0.244844131845214,"N",-2.17128611633712,"0","0",387
"693","FEM_16","FEM_17","A",664,0,2.03282299095714,-0.978983322645183,-0.244844131845214,"N",NA,"1","0",0
"694","FEM_16","FEM_17","B",2490,0,-0.205882773782219,-0.59117105212741,-0.244844131845214,"N",0.420886915162376,"1","0",114
"695","FEM_17","FEM_16","C",5919,2,1.16852491504264,1.87135706889697,0.0461339320066181,"Y",0.155200151508653,"0","0",729
"696","FEM_16","FEM_17","D",4663,3,1.09508238584355,0.332347998851355,-0.226686024624876,"Y",-0.243237986354082,"0","0",1062
"697","FEM_16","FEM_17","E",2468,0,-0.300225280477838,-0.422875161147999,-0.244844131845214,"N",-1.0943972761989,"0","0",318
"698","FEM_16","FEM_18","A",462,0,1.48770032130159,-0.978983322645183,-0.244844131845214,"N",NA,"2","0",18
"699","FEM_18","FEM_16","B",1627,0,-0.496574576581978,4.94614848052327,4.22822774475242,"Y",1.4160903114724,"1","0",194
"700","FEM_18","FEM_16","C",2837,0,0.147978522149725,3.23669725124729,1.38179374210578,"Y",1.15645843369167,"0","0",818
"701","FEM_16","FEM_18","D",912,0,-0.085120040651648,3.88588952257584,-0.244844131845214,"N",1.35439756291374,"0","0",259
"702","FEM_19","FEM_16","A",686,0,2.52853121321993,-0.978983322645183,-0.244844131845214,"N",NA,"1","0",8
"703","FEM_16","FEM_19","B",3733,0,0.273039949478309,-0.283362012240925,-0.244844131845214,"N",-0.555992062379394,"1","0",286
"704","FEM_16","FEM_19","C",5045,0,0.393783418830198,0.0207538370312878,-0.244844131845214,"N",-0.785327921450638,"0","0",796
"705","FEM_16","FEM_19","D",2896,2,-0.290330934712073,-0.377478576535984,-0.113661071518692,"Y",-0.892209980818791,"0","0",588
"706","FEM_16","FEM_19","E",1824,0,-0.660816045141424,-0.637588737015637,-0.244844131845214,"N",-1.4508768314564,"0","0",259
"707","FEM_16","FEM_28","C",3223,0,1.01283056826897,-0.0126314354533546,-0.244844131845214,"N",0.91704990747924,"0","0",366
"708","FEM_16","FEM_28","D",98,0,-1.27219217411047,-0.978983322645183,-0.244844131845214,"N",1.05173777612659,"0","0",4
"709","FEM_20","FEM_16","A",432,0,1.47478263931355,-0.347403339230524,-0.244844131845214,"N",NA,"1","0",35
"710","FEM_20","FEM_16","B",1970,0,0.0268634441698559,-0.339573835303896,-0.244844131845214,"N",0.217248815832256,"1","0",242
"711","FEM_16","FEM_20","C",2769,0,0.0388322891783678,-0.614896038088497,-0.244844131845214,"N",-0.155675306116153,"0","0",425
"712","FEM_20","FEM_16","D",2182,1,-0.436491382017551,-0.104103398390048,-0.244844131845214,"N",-0.543500739063962,"0","0",379
"713","FEM_20","FEM_16","E",2307,0,-0.00521550589087532,0.870464039146747,0.100883335907751,"Y",-1.2426853494189,"0","0",502
"714","FEM_21","FEM_16","A",184,0,-0.316657570621805,-0.978983322645183,-0.244844131845214,"N",NA,"1","0",16
"715","FEM_21","FEM_16","B",2357,0,0.0995204495867972,1.18242373170721,-0.244844131845214,"N",1.43827675555145,"1","0",225
"716","FEM_16","FEM_21","C",4618,0,0.357944049108267,0.34124129812206,-0.215312876304634,"Y",0.985555948998877,"0","0",653
"717","FEM_21","FEM_16","D",2191,0,-0.301517290030599,-0.317713681890518,-0.244844131845214,"N",1.13825429841417,"0","0",468
"718","FEM_21","FEM_16","E",2042,0,-0.432388131959899,0.78682461915024,-0.244844131845214,"N",0.597695356261464,"0","0",338
"719","FEM_16","FEM_22","E",1927,0,-0.277432216566804,-0.862639641489851,-0.244844131845214,"N",0.315696510854539,"0","0",190
"720","FEM_23","FEM_16","A",614,0,1.81513102033379,-0.476590154019886,-0.244844131845214,"N",NA,"1","0",44
"721","FEM_23","FEM_16","B",3044,0,0.141359256689835,-0.242140008661414,-0.244844131845214,"N",-0.27717184662114,"1","0",270
"722","FEM_23","FEM_16","C",5248,2,0.853330646842063,0.0145132804790001,-0.244844131845214,"N",-0.620521033966173,"0","0",801
"723","FEM_23","FEM_16","D",4468,5,1.05170323522064,0.89014466968638,-0.244844131845214,"N",-0.712051218883718,"0","0",1159
"724","FEM_23","FEM_16","E",2722,0,-0.0890009447661076,-0.432329859411475,-0.244844131845214,"N",-1.04811588998751,"0","0",647
"725","FEM_18","FEM_17","A",3636,0,0.195390517509353,-0.81401840160404,-0.244844131845214,"N",0.861386376236608,"1","0",134
"726","FEM_17","FEM_18","B",1970,0,-0.345696061123216,0.170492247169497,0.835054820762712,"Y",0.801374166926915,"0","0",250
"727","FEM_18","FEM_17","C",2222,0,-0.407644688564175,-0.028217756214513,-0.244844131845214,"N",0.732475783423417,"0","0",372
"728","FEM_17","FEM_18","D",835,0,-0.389437091515722,-0.618962159460931,-0.244844131845214,"N",0.672142201299968,"0","0",307
"729","FEM_19","FEM_17","A",7797,3,1.53863278919655,0.47270798251687,0.503486698853242,"Y",-0.716018723563336,"0","0",670
"730","FEM_19","FEM_17","B",3734,0,0.154595733650429,0.997913373408832,-0.0880643768208343,"Y",-1.17070820692488,"0","0",492
"731","FEM_19","FEM_17","C",5510,1,0.484744272249042,0.212320238885462,0.0322899021859049,"Y",-1.20931057171889,"0","0",835
"732","FEM_19","FEM_17","D",3691,1,-0.0199383149332544,0.246310423459048,-0.244844131845214,"N",-1.57446534243256,"0","0",884
"733","FEM_17","FEM_19","E",3011,0,-0.260987952812291,0.428755194604359,0.153446605531695,"Y",-2.12297286438962,"0","0",581
"734","FEM_17","FEM_28","C",3140,0,0.900723443942109,0.193950932267756,1.17193291968122,"Y",0.460105879714092,"0","0",245
"735","FEM_17","FEM_28","D",171,0,-1.08076808943593,-0.978983322645183,-0.244844131845214,"N",0.392510226188731,"0","0",62
"736","FEM_20","FEM_17","A",3464,0,-0.082829092702644,-0.574907956912148,-0.182637970980702,"Y",-0.194054992242673,"0","0",930
"737","FEM_20","FEM_17","B",1264,0,-0.707840795578166,-0.636265502187616,-0.244844131845214,"N",-0.397467328713225,"0","0",258
"738","FEM_17","FEM_20","C",2920,0,-0.0146311373304346,-0.542335432877023,-0.244844131845214,"N",-0.579657956384408,"0","0",405
"739","FEM_20","FEM_17","D",2756,0,-0.241098890799542,0.174336647068543,-0.14423242818609,"Y",-1.22575610067773,"0","0",575
"740","FEM_17","FEM_20","E",1901,0,-0.609593325380029,-0.347403339230524,0.979531097868988,"Y",-1.91478138235212,"0","0",315
"741","FEM_21","FEM_17","A",2865,0,-0.316153115047068,-0.671965275151946,-0.244844131845214,"N",1.1478794450281,"0","0",144
"742","FEM_21","FEM_17","B",1313,0,-0.792237091691038,-0.484088559521756,-0.244844131845214,"N",0.823560611005967,"0","0",134
"743","FEM_17","FEM_21","C",4308,0,0.0770274518090217,-0.786484343665388,-0.244844131845214,"N",0.561573298730622,"0","0",689
"744","FEM_17","FEM_21","D",2419,0,-0.311709097598389,-0.813089893605685,-0.244844131845214,"N",0.455998936800402,"0","0",533
"745","FEM_21","FEM_17","E",2134,0,-0.614108971023821,-0.870888948955632,-0.244844131845214,"N",-0.0744006766717595,"0","0",409
"746","FEM_17","FEM_22","E",2429,0,-0.220008897415577,-0.30031184923908,-0.244844131845214,"N",-0.356399522078685,"0","0",228
"747","FEM_17","FEM_23","A",10919,5,3.87255931245561,3.08732080978606,0.89379702614411,"Y",-0.520508087177655,"0","0",1321
"748","FEM_17","FEM_23","B",6060,2,2.48945460487927,2.9268402589981,0.378620623285571,"Y",-0.891887991166621,"0","0",1330
"749","FEM_17","FEM_23","C",8180,9,2.67483798726479,1.26846905116152,-0.14681408894326,"Y",-1.04450368423443,"0","0",1377
"750","FEM_17","FEM_23","D",5826,11,1.7787462758886,1.15148445443496,-0.197492603624223,"Y",-1.39430658049749,"0","0",1629
"751","FEM_17","FEM_23","E",4826,0,0.844244037542789,0.0599657500719315,-0.244844131845214,"N",-1.72021192292073,"0","0",1000
"752","FEM_19","FEM_18","A",3287,1,-0.0637945749314271,-0.748719787025255,-0.244844131845214,"N",-0.242819769909309,"1","0",288
"753","FEM_18","FEM_19","B",2166,0,-0.460445897503215,0.105200300110227,-0.244844131845214,"N",-0.175504810614855,"0","0",367
"754","FEM_18","FEM_19","C",1712,0,-0.811369597534202,0.0993239661115524,-0.244844131845214,"N",-0.208052289535874,"0","0",287
"755","FEM_18","FEM_19","D",516,0,-1.04346259240431,0.154621775791385,-0.244844131845214,"N",0.0231702068352589,"0","0",195
"756","FEM_28","FEM_18","C",974,0,-0.597498027512011,-0.291771941727678,0.254739025356825,"Y",1.57718050885537,"0","0",193
"757","FEM_28","FEM_18","D",25,0,-1.46154752829529,-0.978983322645183,-0.244844131845214,"N",1.94016397559886,"0","0",0
"758","FEM_18","FEM_20","A",2106,0,-0.22062061229204,-0.588889803477305,-0.244844131845214,"N",0.279143961411353,"1","0",510
"759","FEM_18","FEM_20","B",695,0,-0.945987606847606,0.194749389895334,-0.244844131845214,"N",0.597736067596796,"0","0",113
"760","FEM_18","FEM_20","C",959,0,-0.77329286353057,-0.681602612965635,-0.244844131845214,"N",0.42160032579861,"0","0",223
"761","FEM_20","FEM_18","D",412,0,-1.03573048672773,-0.978983322645183,-0.244844131845214,"N",0.371879448590089,"0","0",233
"762","FEM_21","FEM_18","A",1692,0,-0.435116216495134,1.71678489924666,3.98820925381303,"Y",1.62107839868212,"1","0",41
"763","FEM_18","FEM_21","B",1093,0,-0.725542809247715,1.04902579841106,-0.156385829698431,"Y",1.81876400731599,"0","0",218
"764","FEM_18","FEM_21","C",1299,0,-0.944239040065485,-0.117737890716102,-0.244844131845214,"N",1.56283158091364,"0","0",308
"765","FEM_18","FEM_21","D",257,0,-1.08467340206484,0.126281648330471,-0.244844131845214,"N",2.05363448606822,"0","0",120
"766","FEM_18","FEM_23","A",3571,0,0.140379282679396,-0.829623191432257,-0.244844131845214,"N",-0.0473091335236284,"1","0",296
"767","FEM_23","FEM_18","B",2080,0,-0.288833065234762,0.973035957836878,-0.244844131845214,"N",0.1033154051434,"0","0",419
"768","FEM_18","FEM_23","C",2175,0,-0.38036035514403,-0.000363296260489526,-0.244844131845214,"N",-0.0432454020514087,"0","0",384
"769","FEM_23","FEM_18","D",651,0,-0.578849442117677,0.309666419299525,-0.244844131845214,"N",0.203328968770332,"0","0",223
"770","FEM_19","FEM_28","C",3496,0,1.12040655848099,1.41273759815459,6.33065300347237,"Y",-0.439784878523002,"0","1",610
"771","FEM_28","FEM_19","D",699,0,0.181817853955307,1.94785074683738,5.39922704903245,"Y",-0.336962882349065,"0","1",287
"772","FEM_19","FEM_20","A",4360,1,0.342247858860642,-0.5984822670634,-0.244844131845214,"N",-1.29826113838859,"0","0",1220
"773","FEM_20","FEM_19","B",1589,0,-0.683293950220491,1.00482559961881,-0.244844131845214,"N",-1.374346306255,"0","0",390
"774","FEM_20","FEM_19","C",3573,0,0.155458791583323,-0.351478048800941,-0.244844131845214,"N",-1.5201860293437,"0","0",775
"775","FEM_20","FEM_19","D",3336,0,-0.0952217517664845,1.98358257893904,-0.244844131845214,"N",-1.87472809514244,"0","0",873
"776","FEM_20","FEM_19","E",2340,0,-0.338432574420762,0.222391645806614,0.1324497568765,"Y",-2.27126093760962,"0","0",460
"777","FEM_21","FEM_19","A",3573,0,0.00880247985365699,-0.41630297378485,-0.244844131845214,"N",0.043673298882179,"0","0",275
"778","FEM_19","FEM_21","B",1904,0,-0.608849112511949,-0.690025160298607,-0.244844131845214,"N",-0.153318366535803,"0","0",306
"779","FEM_19","FEM_21","C",5778,0,0.574055027547745,-0.00771711544119106,-0.182081203064095,"Y",-0.378954774228669,"0","0",1229
"780","FEM_19","FEM_21","D",3028,0,-0.132768687104858,-0.151251846584121,-0.244844131845214,"N",-0.192973057664307,"0","0",454
"781","FEM_21","FEM_19","E",3248,0,0.00533739016072511,0.62478688916955,0.0816065793421883,"Y",-0.430880231929254,"0","0",827
"782","FEM_19","FEM_22","E",2931,0,0.174552694529908,0.0612660618024911,-0.244844131845214,"N",-0.712879077336179,"0","0",255
"783","FEM_19","FEM_23","A",8015,7,1.64044668653092,0.885002732919459,0.44223104159892,"Y",-1.62471423332357,"0","0",842
"784","FEM_19","FEM_23","B",4032,0,0.302620942951998,1.16716225206482,0.472841834115902,"Y",-1.86876696870839,"0","0",618
"785","FEM_19","FEM_23","C",5302,2,0.453415632213483,0.420086260868303,-0.157665515805437,"Y",-1.98503175719372,"0","0",1106
"786","FEM_19","FEM_23","D",3385,5,-0.129916569106553,0.965217710637292,-0.175143252804255,"Y",-2.0432785749622,"0","0",830
"787","FEM_23","FEM_19","E",3160,0,-0.139324734976184,0.235201136584937,-0.151384148640051,"Y",-2.07669147817823,"0","0",619
"788","FEM_28","FEM_20","C",2414,0,1.34754728532509,-0.649755458950307,-0.244844131845214,"N",0.160292802208106,"0","0",470
"789","FEM_28","FEM_20","D",418,0,0.140982257676971,3.4867337318019,-0.244844131845214,"N",0.0615455750928791,"0","0",99
"790","FEM_21","FEM_28","C",3294,0,1.35738148190487,-0.415278055116616,-0.244844131845214,"N",1.40018242695425,"0","0",549
"791","FEM_28","FEM_21","D",149,0,-0.908154731065566,0.789440630915863,-0.244844131845214,"N",1.67494196267987,"0","0",50
"792","FEM_28","FEM_23","C",2861,0,0.747452806700869,-0.22148085032542,-0.244844131845214,"N",-0.274977991038536,"0","0",321
"793","FEM_23","FEM_28","D",176,0,-1.03652937493337,0.0612660618024911,-0.0179746039864059,"Y",-0.1721559948646,"0","0",85
"794","FEM_20","FEM_21","A",4043,0,1.29565482615331,0.0814859629890257,-0.117241750584677,"Y",0.565637030202841,"0","0",1209
"795","FEM_20","FEM_21","B",1781,1,0.271893271298134,1.42210954533641,0.553110759244387,"Y",0.619922511675848,"0","0",580
"796","FEM_21","FEM_20","C",3117,0,0.0697344646089949,-0.108488238105885,-0.12978500375453,"Y",0.250697841105816,"0","0",838
"797","FEM_20","FEM_21","D",2859,1,0.11697142765563,1.30023540281309,0.000290315629345657,"Y",0.155736184090523,"0","0",708
"798","FEM_21","FEM_20","E",1757,0,-0.590268426600433,-0.193017121062496,-0.244844131845214,"N",-0.222688749891759,"0","0",450
"799","FEM_22","FEM_20","E",2398,0,0.0533730872132436,-0.0560980586098459,-0.244844131845214,"N",-0.504687595298684,"0","0",503
"800","FEM_20","FEM_23","A",3465,2,-0.0944692771906791,-0.0243398736259044,-0.244844131845214,"N",-1.10275050200291,"0","0",1042
"801","FEM_20","FEM_23","B",1492,0,-0.552327616119896,-0.242140008661414,-0.244844131845214,"N",-1.09552609049674,"0","0",270
"802","FEM_20","FEM_23","C",2826,0,-0.000198992647277861,-0.468559002123567,-0.244844131845214,"N",-1.35537914185923,"0","0",563
"803","FEM_20","FEM_23","D",2722,0,-0.213153062809322,1.03058935185601,-0.177417873565498,"Y",-1.69456933320737,"0","0",572
"804","FEM_23","FEM_20","E",1839,0,-0.610475315432133,-0.526829470882415,-0.244844131845214,"N",-1.86849999614073,"0","0",440
"805","FEM_21","FEM_22","E",4464,1,2.03921937093443,3.85032758657276,15.4776229226943,"Y",1.33569311038168,"0","1",1332
"806","FEM_23","FEM_21","A",2736,0,-0.391359634982309,-0.774304624316358,-0.244844131845214,"N",0.23918393526786,"0","0",216
"807","FEM_21","FEM_23","B",1581,0,-0.631079297320186,0.794898729537965,-0.185325891511885,"Y",0.125501849222452,"0","0",324
"808","FEM_21","FEM_23","C",4176,0,0.0716968777902909,-0.215032060655322,-0.244844131845214,"N",-0.214147886744204,"0","0",897
"809","FEM_23","FEM_21","D",2220,0,-0.387135783303408,-0.332629538448894,-0.244844131845214,"N",-0.0128142957292345,"0","0",342
"810","FEM_23","FEM_21","E",2344,0,-0.471794132463416,-0.445831388593847,-0.209066933574344,"Y",-0.0281192904603688,"0","0",539
"811","FEM_23","FEM_22","E",2242,0,-0.281575220997835,-0.363392705899249,-0.244844131845214,"N",-0.310118135867294,"0","0",395
